video_id,thumbnails,Title,Published_date,Views,Likes,Comments
HMwsAd_mOts,https://i.ytimg.com/vi/HMwsAd_mOts/default.jpg,ูกู ุญุงุฌุงุช ูุงุฒู ุชุนูููู ูู ุงูุฃุฌุงุฒุฉ,2023-08-04T15:54:39Z,48952,7378,593
xxcuQ1qmH24,https://i.ytimg.com/vi/xxcuQ1qmH24/default.jpg,ูกู ูุณุชููุงุช ูุงุณุชุฎุฏุงู ุงูุชููููู,2023-07-28T14:06:20Z,169919,15366,2312
8JE0FwoJrUE,https://i.ytimg.com/vi/8JE0FwoJrUE/default.jpg,ุงูฺูู ูุงูุฏุด ุงูุตุงูุน ูุงูุตุญูุงู ุจุฏุฑู ููุงู ูุงุฑุบุ,2023-07-21T12:33:57Z,357592,25026,1937
FM3jv3U9Nh8,https://i.ytimg.com/vi/FM3jv3U9Nh8/default.jpg,ููู ุชุตูู ุจูุฆุฉ ุงููุฌุงุญุ,2023-07-10T14:00:19Z,453257,35714,1990
-elC2z-4jY4,https://i.ytimg.com/vi/-elC2z-4jY4/default.jpg,"ุฌููุฉ ูู ุชูููููู, ููุณูุฉ ุงุณุชุฎุฏุงูู ููุชููููู ุงูุฐูู ูขููขูฃ",2023-06-30T13:26:32Z,263960,22272,985
WHTITfW9X8E,https://i.ytimg.com/vi/WHTITfW9X8E/default.jpg,ููู ุชูุฌุญ ูุฃูุช ูุชุฎุงุฐู ุถุนูู ุงูุฅุฑุงุฏุฉุ,2023-06-23T14:00:02Z,632659,51286,2161
HJl3sAuk2jk,https://i.ytimg.com/vi/HJl3sAuk2jk/default.jpg,ุถุฑูุฑู ุฌุฏุงู ุชุชุนูู ุงูููุงุฑุงุช ุงููุงุนูุฉ ุญุงูุงู,2023-06-16T13:30:06Z,752490,55168,2026
PW9nUrkmzIQ,https://i.ytimg.com/vi/PW9nUrkmzIQ/default.jpg,ุงูุทุฑููุฉ ุงูุตุญูุญุฉ ูุงุณุชุฎุฏุงู ููุชููุจ,2023-06-09T13:56:50Z,351805,43095,3446
LLf3wPHrKus,https://i.ytimg.com/vi/LLf3wPHrKus/default.jpg,ุฐุงูุฑ ูุนู ุณุงุนุชูู ุจุชูููุฉ ุงูุจูููุฏูุฑู - Study with me,2023-06-04T12:02:37Z,190259,9412,825
-MoFaxb0rwQ,https://i.ytimg.com/vi/-MoFaxb0rwQ/default.jpg,ุงุฒุงู ุชุฐุงูุฑ ูู ุฒููุฉ ุงูุงูุชุญุงูุงุชุ!,2023-05-26T11:43:03Z,374363,41325,2314
Df-Ou0AphH4,https://i.ytimg.com/vi/Df-Ou0AphH4/default.jpg,ุจูุฏูุงุณุช ูุน ุฃุญูุฏ ูููู: ูุนุฏุฉ ูุตุทุจุฉ ููุชููุจูุฉ ููุฏุณูุฉ ุจูู ุทูุทุง ูุงูุฃุณููุฏุฑูุฉ.,2023-05-20T13:00:08Z,295659,13500,1069
lWn0RL73Eqg,https://i.ytimg.com/vi/lWn0RL73Eqg/default.jpg,ููู ุชุฎุฏุนูุง ุฃูููุงุ,2023-05-12T12:00:38Z,237607,18774,1180
UeWjgncW2DQ,https://i.ytimg.com/vi/UeWjgncW2DQ/default.jpg,ุฐุงูุฑ ูุนู ูค ุณุงุนุงุช ุจุชูููุฉ ุงูุจูููุฏูุฑู  - Study with me,2023-05-07T15:33:56Z,1266894,55545,4131
nx7-R-x1bSI,https://i.ytimg.com/vi/nx7-R-x1bSI/default.jpg,ูกู ุญูู ุญูุงุชูู ูู ูกู ุตูุฑ ุนุจูุฑูุฉ,2023-05-01T07:00:20Z,282790,27923,1207
NdwsA7wVooM,https://i.ytimg.com/vi/NdwsA7wVooM/default.jpg,ุบูุถุช ุนููู ูขู ูููุ ุญูุงุชู ุงุชุบูุฑุช,2023-04-18T19:20:20Z,347987,29727,1685
S5JIgDDorlg,https://i.ytimg.com/vi/S5JIgDDorlg/default.jpg,ูุชู ุชุชุฑู ุงููุฏุฑุณุฉ ุฃู ุงูุฌุงูุนุฉุ,2023-04-14T12:00:31Z,164324,13790,1239
bZuZOzowlT4,https://i.ytimg.com/vi/bZuZOzowlT4/default.jpg,ููู ูุงุฒู ุชุชุนูู ุงูุจุฑูุฌุฉ ูุงููุฌุงูุงุช ุงูุชูููููุฌูุฉ ูู ูขููขูฃุู ุงุฒุงูุ,2023-04-08T23:17:34Z,706255,48704,1949
wyLZHukiZzY,https://i.ytimg.com/vi/wyLZHukiZzY/default.jpg,ููุฏูู ููู ูุง ุชุดุงูุฏู,2023-03-31T11:30:30Z,415064,40716,4607
E8eLQrZS7wg,https://i.ytimg.com/vi/E8eLQrZS7wg/default.jpg,ูง ุญุงุฌุงุช ูุตูููุง ู ูง ูููููุ,2023-03-26T18:30:10Z,151208,15329,891
5A88cV7VTM8,https://i.ytimg.com/vi/5A88cV7VTM8/default.jpg,ุงูุตูุฑุฉ ูุง ุชุณุงูู ูกููู ูููุฉุ,2023-03-17T17:30:01Z,171544,12502,655
lgyOc1XR2og,https://i.ytimg.com/vi/lgyOc1XR2og/default.jpg,ูกู ุทุฑู ูุนูู ูุงุฆูุฉ ุงูููุงู (to do list),2023-03-11T16:30:08Z,348844,28399,1220
5AZ_dbUKUfY,https://i.ytimg.com/vi/5AZ_dbUKUfY/default.jpg,ุงูุฐูุงุก ุงูุงุตุทูุงุนู ููุณุชุจุฏููุง ูููุงุ,2023-03-07T16:30:01Z,232097,16963,791
-2Xv2kKCKhY,https://i.ytimg.com/vi/-2Xv2kKCKhY/default.jpg,ุงููุงูู ุงูุงุณุจูุนู ุงูุฌููู,2023-03-05T21:05:49Z,72991,4161,280
yfjNGHJXNHo,https://i.ytimg.com/vi/yfjNGHJXNHo/default.jpg,ููุงุฐุง ูุง ุฃุญุจ ููุฎุตุงุช ุงููุชุจุ,2023-02-24T16:00:39Z,147667,16887,994
WjW4Mr_-cg8,https://i.ytimg.com/vi/WjW4Mr_-cg8/default.jpg,ูกู ุญุงุฌุงุช ูุฏุง ูุฏุง ูุชูุฏู ุนูููู ูู ููุงูุฉ ุญูุงุชู,2023-02-17T15:58:29Z,1090248,77200,2922
jV0I70s_iWI,https://i.ytimg.com/vi/jV0I70s_iWI/default.jpg,ููู ุชุณุชูุชุน ุจุญูุงุชู ุฑุบู ุงูุตุนูุจุงุชุ,2023-02-10T16:00:22Z,347534,32596,1429
9KmDmge7L8g,https://i.ytimg.com/vi/9KmDmge7L8g/default.jpg,ุจูุฏูุงุณุช ูุน ุฃุญูุฏ ููููุง | ุงููุทุฑุฉ ุงูุณูููุฉ ูุงูุฑุญูุฉ ูู ุงูุตุนูุฏ ูุฃูุฑููุง ููู ุงูููุงุดุฉ ููุนูู ุงูุญุฑ.,2023-02-03T16:30:33Z,462831,18105,1142
suyGaZw8Wxw,https://i.ytimg.com/vi/suyGaZw8Wxw/default.jpg,ููุนูู ุงูู ูุน ุณุนุงุฏุฉ ุงูุจููุ,2023-01-28T18:06:26Z,248679,18591,724
JDz4H9d6Uf8,https://i.ytimg.com/vi/JDz4H9d6Uf8/default.jpg,ูกู ุญูู ุญูุงุชูุฉ ูู ูกู ุตูุฑ.,2023-01-20T12:40:59Z,305363,24605,1148
5fgHVWHZ-HY,https://i.ytimg.com/vi/5fgHVWHZ-HY/default.jpg,ููุฒ ุขุจู ุงููุฎูู ูู ุงูุขููููุApple Shortcuts,2023-01-13T17:08:09Z,302325,15835,709
gbxq7-B0CFs,https://i.ytimg.com/vi/gbxq7-B0CFs/default.jpg,ุจูุฏูุงุณุช ูุน ุนูู ูุญูุฏ ุนูู: ุนุจูุฏูุฉ ุงููุธููุฉ ูุงูุนูู ุงูุญุฑุ ููุงุฐุง ูุง ุชูุงุณุจูุง ุจุนุถ ุงููุชุจุ ุชุฃุซูุฑ ูุฑุฉ ุงููุฏู.,2023-01-06T11:09:24Z,370252,16491,1314
nmZPGKhdCIM,https://i.ytimg.com/vi/nmZPGKhdCIM/default.jpg,ููู ุงูุณูุฉ ุฎูุตุช ุจุณุฑุนุฉุ,2023-01-01T19:25:59Z,280985,23786,1232
4k_op3TP9xg,https://i.ytimg.com/vi/4k_op3TP9xg/default.jpg,ูุฐุง ุงูุงุฎุชุฑุงุน ูู ุณุฑ ุฅุฏูู  ูุงูู ููุณูุดูุงู ููุฏูุงุ,2022-12-23T16:30:00Z,445353,42882,1912
M77sNp0GfQ4,https://i.ytimg.com/vi/M77sNp0GfQ4/default.jpg,ุจูุฏูุงุณุช ูุน ุฏ.ูุญูุฏ ุงุจุฑุงููู: ูู ูููุง ูุฑุถู ููุณูููุ ูุชู ุชุฐูุจ ููุทุจูุจ ุงูููุณูุ ุงูุฑุญูุฉ ูู ุงููุดู ููููุฉ ุงูุทุจุ,2022-12-17T17:30:01Z,309039,13924,865
OaFL8EfTSpA,https://i.ytimg.com/vi/OaFL8EfTSpA/default.jpg,ุงุชุณุฑููุงุ ุฎุฏ ุจุงูู ูุชุชุณุฑู ุจููุณ ุงูุทุฑููุฉ.,2022-12-09T18:00:07Z,720762,44773,2178
EciftceoCkI,https://i.ytimg.com/vi/EciftceoCkI/default.jpg,ูกู ุฃููุงู ูุงุฒู ุชุดูููุง ูุจู ุณู ุงูู ูฃู,2022-12-02T19:10:04Z,901699,51026,2211
Ay2PkYC35zY,https://i.ytimg.com/vi/Ay2PkYC35zY/default.jpg,ูง ูุฐุจุงุช ูุงูููุง ูู,2022-11-26T16:21:49Z,420816,39093,3053
TSWcPa_wxEg,https://i.ytimg.com/vi/TSWcPa_wxEg/default.jpg,ูู ุชุตุฏูุ ูุฑุงุกุฉ ุงูุฑูุงูุฉ ุฃูุชุน ูู ูุดุงูุฏุฉ ุงููููู!,2022-11-19T17:50:57Z,119373,10447,681
GJIrXqx2A0c,https://i.ytimg.com/vi/GJIrXqx2A0c/default.jpg,ูกูฉ ุญุงุฌุฉ ููุชุนุฉ ุชุนูููุง ุจุนูุฏ ุนู ุงูุชููููู,2022-11-14T17:30:18Z,710391,46350,2464
gnG8ahgdrd0,https://i.ytimg.com/vi/gnG8ahgdrd0/default.jpg,ููู ุชุตุจุญ ุดุฎุต ูุงุฑูุฒูุงุชูุ,2022-11-04T16:00:27Z,751461,51339,2104
Nd988L8FiHw,https://i.ytimg.com/vi/Nd988L8FiHw/default.jpg,ุจูุฏูุงุณุช ูุน ุณุฑู ุงูุฏูู: ุชุฑู ุฃููุงู ููุฏุณุฉ ุงูุจุชุฑูู ูู ุฃุฌู ุชูุฎูุต ุงููุชุจ ุนูู ููุชููุจ.,2022-10-28T12:57:40Z,268401,9224,612
I0RhkhZf-XA,https://i.ytimg.com/vi/I0RhkhZf-XA/default.jpg,ุชุฌุฑุจุชู ุจุงููุงูู ุงูุชููุช ููุงู ุจูู ูุขูููู ูู ูููุฏูุฒ ู ุฃูุฏุฑููุฏ.,2022-10-21T19:34:35Z,724949,36545,2302
OhqzDAR6a3s,https://i.ytimg.com/vi/OhqzDAR6a3s/default.jpg,ุฅูุญู ุงุญุฌุฒ ุงุณูู ูุจู ูุง ูุชุงุฎุฏ.,2022-10-14T12:07:39Z,233176,16926,685
mlxnjT1UTd8,https://i.ytimg.com/vi/mlxnjT1UTd8/default.jpg,ูู ุงูุจุฑุงูุฌ ูุงูุชุทุจููุงุช ุงูุชู ุฃุณุชุฎุฏููุง,2022-10-07T14:29:21Z,281054,20679,773
2T1eTM2NFL4,https://i.ytimg.com/vi/2T1eTM2NFL4/default.jpg,ุจูุฏูุงุณุช ูุน ูุญูุฏ ุณุงูู: ููู ุชุญุงูุธ ุนูู ูุฏุฎุฑุงุชู ุุฃูุถู ุดุฎุต ุชุชุนูู ููู ุนู ุงูุงูุชุตุงุฏ ูุงูุชุงุฑูุฎ.,2022-09-30T12:49:35Z,457470,12003,727
ON7DQ9a65E8,https://i.ytimg.com/vi/ON7DQ9a65E8/default.jpg,ูกูข ูุตูุญุฉ ุถุฑูุฑูุฉ ูู ุจุฏุงูุฉ ุงูุซุงูููุฉ,2022-09-25T19:00:08Z,518545,42679,2017
t4qMMM3VuYM,https://i.ytimg.com/vi/t4qMMM3VuYM/default.jpg,ุฅูุดุงุก ูุชุฌุฑ ุฅููุชุฑููู ูุงุจุฏุฃ ุงูุจูุน ุฃูููุงูู ูู ุฃูู ูู ูกู ุฏูุงุฆู,2022-09-16T16:00:39Z,905639,38522,1194
zRb-KNeFIxs,https://i.ytimg.com/vi/zRb-KNeFIxs/default.jpg,ุจูุฏูุงุณุช ูุน ูุฑูู ุงูุณูุฏ:ุงูุฒูุงุฌ ูู ุฃุฌูุจูุฉ ูุงูุณูุฑ ูุงูุฌูุชุฑุง ูุงูุฑุฌูุน ููุตุฑ.,2022-09-09T12:16:02Z,569132,21619,1068
7mN8W8pQHeU,https://i.ytimg.com/vi/7mN8W8pQHeU/default.jpg,ูุฑุฉ ูุงุญุฏุฉ ูุง ุชููู!,2022-09-02T14:44:22Z,380341,42246,2080
iwTCcPUlCIc,https://i.ytimg.com/vi/iwTCcPUlCIc/default.jpg,ุงูุญู ููุงุฑุซุฉ ุงูุซุงูููุฉ 2022,2022-08-26T14:44:31Z,257954,23600,1314
FIeLx7urOFs,https://i.ytimg.com/vi/FIeLx7urOFs/default.jpg,ุฃูู ุชุฎุชูู ุดุนูุฉ ุงูุดุบูุ,2022-08-19T12:07:29Z,844423,64345,2232
42J82CXaAdM,https://i.ytimg.com/vi/42J82CXaAdM/default.jpg,ุจูุฏูุงุณุช ูุด ููู ุชุณูุนู ูุน ูุญูู ุนุฒุงู ุฃู ูุงูุง,2022-08-13T09:59:21Z,1278330,48175,
XLlsJP9bNsM,https://i.ytimg.com/vi/XLlsJP9bNsM/default.jpg,ูฅ ูููุงุช ุบูุฑ ูุดููุฑุฉ ุฃุชุงุจุนูู,2022-08-05T18:51:01Z,425415,35584,1595
B0WgqQXbs6s,https://i.ytimg.com/vi/B0WgqQXbs6s/default.jpg,ุงุณุชุฎุฏุงู ุงูุชููููู ููุดุบู ูุงูุชุนูู ูุงููุฐุงูุฑุฉุ,2022-07-29T17:39:57Z,497847,41526,1608
iKDOQu4RRe0,https://i.ytimg.com/vi/iKDOQu4RRe0/default.jpg,ุงูุงุณุชูุฑุงุฑูุฉ ุฃูู ูู ุงููููุฉ!,2022-07-22T17:38:32Z,515252,50962,2023
U0Z1kSA8xCI,https://i.ytimg.com/vi/U0Z1kSA8xCI/default.jpg,ุจูุฏูุงุณุช ูุน ุฃุญูุฏ ุตุจุฑู: ูููุณ ุฏุฑุงุณุฉ ุงูุทุจ ูุงูุชูู ุชูู ูุงูุณูุฑ ูุชุนููู ุงููุบุงุช,2022-07-15T13:05:51Z,1902008,81276,5476
Xs0J_6mTx-s,https://i.ytimg.com/vi/Xs0J_6mTx-s/default.jpg,ุงุฒุงู ุงูุช ูุงุฌุญ ุฑุบู ุงูู ููุงุญ ุนุงูุด ูู ุงูุฃุฑูุงูุ  ูุงุฐุง ุจุนุฏ ุงูุซุงูููุฉ ุงูุนุงูุฉ ุQ&A,2022-07-08T22:40:24Z,363171,23730,3288
pArpvL_xf6c,https://i.ytimg.com/vi/pArpvL_xf6c/default.jpg,ููุงุฐุง ูุง ููุชุฒู ุจุงูุฌุฏูู ุฃุจุฏุงูุ,2022-07-02T15:00:35Z,756479,66173,1822
PCqJfypoobI,https://i.ytimg.com/vi/PCqJfypoobI/default.jpg,ููุงุฐุง ูุง ูุญุจ ุงููุฐุงูุฑุฉ๐ญุ,2022-06-24T14:49:03Z,318165,34998,1516
g7nH63vYIrQ,https://i.ytimg.com/vi/g7nH63vYIrQ/default.jpg,ูุฐุง ุงูุดูุก ุนูููู ุฃูู ุฏุฑุณ ูู ุญูุงุชูุ,2022-06-17T14:30:17Z,342029,32997,1438
fxik_X5j4XM,https://i.ytimg.com/vi/fxik_X5j4XM/default.jpg,ุจูุฏูุงุณุช ูุน ููุฏูุญ ูุตุฑุงููู: ุชุฌุฑุจุฉ ููููุฉ ูู ุงููุดู ูุงูุตูุฏูุฉ ููููุชููุจ ูุงูููุฑุฉ.,2022-06-10T19:45:02Z,1826724,64662,3923
x0jz8cQje80,https://i.ytimg.com/vi/x0jz8cQje80/default.jpg,ูกู ุฃููุงุฑ ุฑููุจุฉ ูุฑูุน ุฌูุฏุฉ ุญูุงุชู ๐,2022-06-03T19:29:59Z,512523,41316,1580
QFJnI23QcB0,https://i.ytimg.com/vi/QFJnI23QcB0/default.jpg,Perfectionism ุงููุซุงููุฉ ุนุฏู ุงูุงูุชุงุฌูุฉ,2022-05-27T19:29:59Z,490693,41846,4085
2HhN6CPeSQ4,https://i.ytimg.com/vi/2HhN6CPeSQ4/default.jpg,ุนุงุฏุฉ ุงูุนุธูุงุก : ุชุฏููู ุงูููููุงุช!,2022-05-20T18:25:42Z,1273415,80533,2614
KKGVAt4z5rs,https://i.ytimg.com/vi/KKGVAt4z5rs/default.jpg,ูกู ูุจุงุฏุฆ ุฃุณุงุณูุฉ ุฃุทุจููู ูู ุญูุงุชู,2022-05-13T16:49:15Z,326140,32059,1500
Gjh3AsIW35Q,https://i.ytimg.com/vi/Gjh3AsIW35Q/default.jpg,ููุงุฐุง ุฃูุช ุญุฒูู ูุนุธู ุงูููุชุ,2022-05-07T16:31:50Z,1163127,84593,3584
SvHyEUz8ngo,https://i.ytimg.com/vi/SvHyEUz8ngo/default.jpg,ูกู ุฃุฎุทุงุก ุชุฌูุจูุง ูุจู ุงูุงูุชุญุงูุงุช,2022-04-29T22:51:17Z,922978,65140,2280
hvI6u7xytuI,https://i.ytimg.com/vi/hvI6u7xytuI/default.jpg,ุฅุฒุงู ุชููู ูุญุธูุธุ,2022-04-22T12:00:19Z,173674,18002,704
lbx5dHrcqx0,https://i.ytimg.com/vi/lbx5dHrcqx0/default.jpg,ุฑูุชููู ุงููููู ูู ุงูุซุงูููุฉ ุงูุนุงูุฉ ุจุงูุชูุตูู ูฉูฉูชโุ,2022-04-16T18:30:38Z,1181328,94165,3445
Fpk92D6ZFuE,https://i.ytimg.com/vi/Fpk92D6ZFuE/default.jpg,ุงูุฑุงุญุฉ ูู ุณุฑ ุงูุชุนุจ,2022-04-08T19:10:45Z,1548477,90024,2772
JIhLZvtj2bg,https://i.ytimg.com/vi/JIhLZvtj2bg/default.jpg,ุจูุฏูุงุณุช ุฌุฏุงู ุฎุทูุฑ ูุน ูุญููุฏ ุฃุจู ุงุณูุงุนูู (+ูกูฆ),2022-04-01T12:01:41Z,919943,40839,1996
hIXAMXsyE98,https://i.ytimg.com/vi/hIXAMXsyE98/default.jpg,ุฃุบุฑุจ ูกู ุชูุงูุถุงุช ูู ุญูุงุชู,2022-03-25T12:56:07Z,257925,26103,1496
UPmZ_Fg1x-Y,https://i.ytimg.com/vi/UPmZ_Fg1x-Y/default.jpg,ููู ุชุจูู ูููุนู ๐ ุจููุณูุ,2022-03-18T17:30:05Z,341645,18610,488
ug0J3yiHkeE,https://i.ytimg.com/vi/ug0J3yiHkeE/default.jpg,ููู ุชุฒูุฏ ูุฑูููุงุช ุงูุณุนุงุฏุฉุ,2022-03-11T12:33:50Z,623679,46199,1695
AgxGZIKXD3c,https://i.ytimg.com/vi/AgxGZIKXD3c/default.jpg,ููู ุชุนุตุฑ ูุงุฆุฏุฉ ุฃู ูุชุงุจุ,2022-03-04T13:09:19Z,457508,38375,1780
LGNQWbjgcAc,https://i.ytimg.com/vi/LGNQWbjgcAc/default.jpg,ููุงุฐุง ุชูุดูุ,2022-02-25T13:09:36Z,271929,32886,1420
z902kSjuCA8,https://i.ytimg.com/vi/z902kSjuCA8/default.jpg,ูฃ ูุชุจ ุบูุฑุช ุญูุงุชู ููุฃูุถู,2022-02-19T13:00:35Z,326230,24935,1159
2S_qQVYbt18,https://i.ytimg.com/vi/2S_qQVYbt18/default.jpg,ููุงุฐุง ุงูุฌุงูู ุดุฏูุฏ ุงูุซูุฉ ุจููุณูุ,2022-02-11T12:11:28Z,280827,27511,1366
EDbTO7ab4r4,https://i.ytimg.com/vi/EDbTO7ab4r4/default.jpg,ููู ุชุชุญุฑุฑ ูู ุงุณุชุนุจุงุฏ ุงูุชููููู ููุ,2022-02-04T14:55:03Z,827109,66084,2513
e21mwrZc6B0,https://i.ytimg.com/vi/e21mwrZc6B0/default.jpg,ููุงุฐุง ูู ุชุญูู ุฃูุฏุงู ูุฐู ุงูุณูุฉุ ุงูุณุฑ!,2022-01-28T16:08:04Z,190841,15785,801
rxtaYJEhwLc,https://i.ytimg.com/vi/rxtaYJEhwLc/default.jpg,ููู ูุณุชูุฑ ุจุฏูู ุชุดุฌูุนุ ููู ุฃุชุนุงูู ูุน ุงูุถุบูุทุงุชุ ุงูููุชููุจุฑุฒ ุงููู ุฃุชุงุจุนููุ ููู ุงูุชุฒู ุจุนุงุฏุงุชูุ Q&A,2022-01-21T15:07:28Z,555576,35776,1674
C2JWXBzqezU,https://i.ytimg.com/vi/C2JWXBzqezU/default.jpg,ุจูุงุก ูููุน ุงููุชุฑููู ูู ูฅ ุฏูุงุฆู ุจุฏูู ุจุฑูุฌุฉ ุงู ุชุตููู | Wuilt,2022-01-14T13:24:51Z,1274400,57368,2156
-G8O-cJ6xpk,https://i.ytimg.com/vi/-G8O-cJ6xpk/default.jpg,ูุง ุชุนูู ุทููู ุงููุบุฉ ุงูุฅูุฌููุฒูุฉ ูุจูุฑุงูุ,2022-01-08T10:30:39Z,272980,21008,1114
GjO3E8-C7zE,https://i.ytimg.com/vi/GjO3E8-C7zE/default.jpg,ุฃูู ูกู ุฏุฑูุณ ุชุนููุชูู ูุฐู ุงูุณูุฉ ูขููขูก,2021-12-31T14:13:28Z,387710,34621,1372
zRvjAyO3v44,https://i.ytimg.com/vi/zRvjAyO3v44/default.jpg,ููุงุฐุง ูุง ุฃุญุจ ุงููุฏุฑุณุฉุ,2021-12-24T14:54:23Z,268805,26230,1449
KHDBg1A0mxE,https://i.ytimg.com/vi/KHDBg1A0mxE/default.jpg,ููู ุชุตุจุญ ุบููุงู๐ฐุ ุฏูู ุงูุงุนุชูุงุฏ ุนูู ุงูุญุธ!,2021-12-17T12:48:10Z,665827,50070,1824
KdRP7VncPac,https://i.ytimg.com/vi/KdRP7VncPac/default.jpg,ุฃูู ูฆ ููุงุนุฏ ููุงูุฌุงุฒ  ูุงูุงูุชุงุฌูุฉ!,2021-12-10T18:57:27Z,974721,131296,2316
amXfgu56hkg,https://i.ytimg.com/vi/amXfgu56hkg/default.jpg,ููู ุชุจูู ุนููุงู ูููุงูุ ๐ง,2021-12-03T15:57:20Z,1298043,101586,2164
qhT5DxeEvAQ,https://i.ytimg.com/vi/qhT5DxeEvAQ/default.jpg,ุฃูู ุฎุทูุฉ ููุนูู ุนูู ุงูุงูุชุฑูุช:  ูุงุฒู ูููู ุนูุฏู ูููุน ููุฑุงู.,2021-11-26T14:55:39Z,1402028,31391,1377
C3-IebTWP08,https://i.ytimg.com/vi/C3-IebTWP08/default.jpg,ูุจู ุฃู ุชุดุชุฑู ุฃู ุดูุก ๐โ | ุงุนุฑู ููู ูุฎุฏุนูู ุจุฎุตููุงุช ุงูุฌูุนุฉ ุงูุณูุฏุงุก Black Friday,2021-11-19T15:33:31Z,236376,17069,668
wbwphCOiDlI,https://i.ytimg.com/vi/wbwphCOiDlI/default.jpg,ูฅ ูุชุจ ุฃูู ูู ูุชุจ ุงููุฏุฑุณุฉ ูุงูุฌุงูุนุฉ,2021-11-15T14:13:36Z,1237888,82442,2692
7VCnBn5ryrE,https://i.ytimg.com/vi/7VCnBn5ryrE/default.jpg,ูุธุงู ุงูุงูุฌุงุฒ ูุงูุงูุชุงุฌูุฉ ูููุณุงูู | ูุงู ูุณุชุฎุฏูู ุฑุฆูุณ ุฃูุฑููู ุณุงุจู,2021-11-05T12:47:34Z,885640,63435,1795
LvEBjM__GlY,https://i.ytimg.com/vi/LvEBjM__GlY/default.jpg,ููู ุฃุญุงูุธ ุนูู ุญูุงุณู ูุงูุงุณุชูุฑุงุฑูุฉ ูู ุชุญููู ุงูุฃูุฏุงูุ Q&A,2021-10-29T15:41:22Z,299660,22656,3168
VkUy7kGFY04,https://i.ytimg.com/vi/VkUy7kGFY04/default.jpg,ุงูุชุนููุจ ..ุนููุงู... *ุงูุชุนููู ุงูุญูููู,2021-10-22T16:00:07Z,462638,43478,2082
lPOMtVevmiE,https://i.ytimg.com/vi/lPOMtVevmiE/default.jpg,ุจูุฏูุงุณุช ูุน ูุญูุฏ ุฃุจู ุณุฑูุน : ููุงุฐุง ูุฑุจ ูุฐุง ุงููุจุฑูุฌ ูู ุฃููุงููุงุ,2021-10-17T10:17:13Z,968818,28919,1992
_FvLYTByfuI,https://i.ytimg.com/vi/_FvLYTByfuI/default.jpg,ุงูุดูุก ุงููุญูุฏ ุงูุฐู ูููุน ุนูู ุงูุณุนุงุฏุฉุ,2021-10-08T14:09:36Z,323900,38389,2423
L-QcoQh4AeY,https://i.ytimg.com/vi/L-QcoQh4AeY/default.jpg,"ุญูููุฉ ""ุนูู"" ุงูุทุงูุฉ ููุฏุฑุจูู ุงูุชูููุฉ ุงูุจุดุฑูุฉ ูุงูููุชุดูุฌ ูุน ูุฑูู ุฅุณูุงุนูู .@Kareem",2021-10-01T12:47:08Z,688314,21757,1140
GiMNSXGfI7c,https://i.ytimg.com/vi/GiMNSXGfI7c/default.jpg,ุฃูุช ุชุญุชุงุฌ ุจุนุถ ุงูุบุจุงุก ูู ุญูุงุชู !,2021-09-24T10:59:11Z,344766,33881,1610
kfm85z3r-Kg,https://i.ytimg.com/vi/kfm85z3r-Kg/default.jpg,ุจูุฏูุงุณุช ูุน ุฅุจุฑุงููู ุนุงุฏู ูุคุณุณ ุฒู ุฃูุฑููุงู ุฅูุฌูุด ูุทููู  @ZAmericanEnglish  @Taleek,2021-09-17T12:39:08Z,2307619,98261,7384
CrGDEFV4GCw,https://i.ytimg.com/vi/CrGDEFV4GCw/default.jpg,ุฅุฐุง ุฃุฑุฏุช ุฃู ุชูุฌุฒ : ูุง ุชุทุงุฑุฏ ุฃุฑูุจูู ๐๐ ูู ููุณ ุงูููุช.,2021-09-10T13:20:57Z,401907,40203,1919
BzYuHkgYtsI,https://i.ytimg.com/vi/BzYuHkgYtsI/default.jpg,ุจูุฏูุงุณุช ูุน ุฏ.ุฑูุฒู ุนุจุฏุงูุนุฒูุฒ : ูู ุนุงูู ูู ูุตูุน ูุฏูุชูุฑ ุฌุงูุนุฉ ูู ููููุฏุง.,2021-09-04T10:22:42Z,1029372,26773,1995
R4IgNCBv2D4,https://i.ytimg.com/vi/R4IgNCBv2D4/default.jpg,ูุงูุช ูู: ุฅุจูู ุชู ูู ูุดู ูู ููุนุช๐ฑ,2021-09-01T19:31:16Z,140999,13429,433
OuPZvvNVXmQ,https://i.ytimg.com/vi/OuPZvvNVXmQ/default.jpg,ุชุญุฑุฑุช ูู ุงููุงุชู ุงูุฐูู ููุฏุฉ ูฃู ููู,2021-08-27T11:15:47Z,514676,44090,2139
eSXKzkk6ub4,https://i.ytimg.com/vi/eSXKzkk6ub4/default.jpg,ูกู ุญุงุฌุงุช ูุงุฒู ุชุนูููู ูุจู ุณู ุงู ูขูฅ,2021-08-20T14:00:16Z,2251070,149378,2969
D9bDV5EKatE,https://i.ytimg.com/vi/D9bDV5EKatE/default.jpg,ูู ุงูุฐูุงุก ูุฑุงุซู ุฃู ููุชุณุจุ! ๐ง,2021-08-13T13:53:11Z,707325,59942,2054
0-b2BmZhCi4,https://i.ytimg.com/vi/0-b2BmZhCi4/default.jpg,ุจูุฏูุงุณุช ูุน ุนูุฑู ุฑูุถุงู: ุงูููุญ ูุงูุฏุฑุงุณุฉ ูู ุงูุฎุงุฑุฌ ุจุนุฏ ุงูุซุงูููุฉ ูุงููููุฉ.,2021-08-06T12:02:13Z,595568,22408,1320
_ruu_Or_7PM,https://i.ytimg.com/vi/_ruu_Or_7PM/default.jpg,ุงูููุฏู: ุฃูุถู ุฌูุงุฒ ุงุดุชุฑูุชู ูู ุญูุงุชูุKindle,2021-07-30T13:42:15Z,550687,32168,1766
AWdFIFxvLWI,https://i.ytimg.com/vi/AWdFIFxvLWI/default.jpg,ุฎุฏ ุงูุนูุฏูุฉ ูู ุฏุฑูุณ ุงูููุงูู | ุชุญุฏูุซ ููุฑุณ ููุดู ูุงูุจุฑ ุฎุตู,2021-07-23T15:00:47Z,82142,8114,634
-NZJMzJf1ng,https://i.ytimg.com/vi/-NZJMzJf1ng/default.jpg,ููุงุฐุง ููุฌุญ ุงููุงุฌุญููุ,2021-07-16T13:41:28Z,489631,55600,2459
YuVQsLCvck8,https://i.ytimg.com/vi/YuVQsLCvck8/default.jpg,ุชูุดุฑุชุงุช ุฏุฑูุณ ุงูููุงูู ูุชุงุญุฉ ุงูุขู ๐คฉ๐ฅ,2021-07-09T19:58:41Z,112992,8781,794
-QiTN3QJ-2s,https://i.ytimg.com/vi/-QiTN3QJ-2s/default.jpg,ุงูุฎูู ูุจู ุงูุงูุชุญุงูุงุช | ููู ุชุชุนุงูู ูุนูุ,2021-07-09T13:12:44Z,312240,29067,2108
Z-0OpHiw5DU,https://i.ytimg.com/vi/Z-0OpHiw5DU/default.jpg,ููู ุชุชุฐูุฑ ูู ูุง ุชูุฑุฃูุ ุงุณุชุฑุงุชูุฌูุฉ ุงูุชูุฑุงุฑ ุงููุชุจุงุนุฏ.,2021-07-02T12:14:02Z,276947,23843,1079
kRJF-yX5kfo,https://i.ytimg.com/vi/kRJF-yX5kfo/default.jpg,ุจูุฏูุงุณุช ูุน ุงุณุงูุฉ ุงูุฒูุฑู: ุงูุจุฑูุฌุฉ ูุงููููุณ ูุงูุดุบู.,2021-06-25T13:25:11Z,1544209,51325,1786
bJ6kfrEQJuM,https://i.ytimg.com/vi/bJ6kfrEQJuM/default.jpg,ุชูุธูู ุงูููุช ูุงูููุงู ุจุฃุณูู ุทุฑููุฉ โฐ | Time Blocking.,2021-06-18T13:57:30Z,945602,63483,1724
e4qt-yM8E2E,https://i.ytimg.com/vi/e4qt-yM8E2E/default.jpg,ุดุฆ ูุงุญุฏ ูู ุฑุฌุน ุจูุง ุงูุฒูู ูุณู ุงููุฑุงููุฉ ูุนูููุ ุญููู ูุงู ุงุทูุน ุงูู ูุงูุง ุตุบูุฑุ,2021-06-11T14:17:41Z,250029,34812,1648
5Z4MorOFbEo,https://i.ytimg.com/vi/5Z4MorOFbEo/default.jpg,ูุง ุชุชุจุน ุดุบูู Do NOT follow your passion.,2021-06-04T20:11:09Z,378791,38082,1738
AuOcWaYz_7I,https://i.ytimg.com/vi/AuOcWaYz_7I/default.jpg,ููู ุชุณุชุบู ุชูููููู ุงูุฐููุ ููุง ุชุฌุนูู ูุณุชุบูู!,2021-05-28T11:01:20Z,626544,45578,1571
mzMtVNHFsNI,https://i.ytimg.com/vi/mzMtVNHFsNI/default.jpg,ูฆ ุฃุดูุฑ ุจุฏูู ููุณุจููุ ูุง ุงููุชูุฌุฉุ,2021-05-22T18:52:29Z,344375,37227,3256
pysfhlLnIFs,https://i.ytimg.com/vi/pysfhlLnIFs/default.jpg,ุฑูุฃูุดู ุนูู ุฃูู ููุฏูู ุนููุชู ุนูู ููุชููุจ.,2021-05-15T14:23:40Z,628503,34807,1312
lwIL131WV80,https://i.ytimg.com/vi/lwIL131WV80/default.jpg,ูุง ููุฏูู ุฌุฏูุฏ ุงูููู!,2021-05-14T13:50:11Z,133508,24492,1603
xQ4q6aMpjJY,https://i.ytimg.com/vi/xQ4q6aMpjJY/default.jpg,ูฅ ููููู ูุดุชุฑู ู ูฅ ููุงุฌุฃุช ๐๐๐๐๐,2021-05-07T14:53:08Z,166230,26811,3553
hx404DyUnH0,https://i.ytimg.com/vi/hx404DyUnH0/default.jpg,ุงูุฎุฑุงุฆุท ุงูุฐูููุฉ ๐ง | ุฒูุฏ ุญูุธู ู ุฅุณุชูุนุงุจู ุจูุฌููุฏ ุฃูู.,2021-04-30T11:30:17Z,704649,53245,1885
XX2xjcNYiCI,https://i.ytimg.com/vi/XX2xjcNYiCI/default.jpg,ุฃูู ููุฏูู ูู ุงูุณูุฉ: ุงูุชุฎุทูุท ุงูุตุญ โ ูุฃูุฏุงู ุงูุณูุฉ ููุต ุงูุณูุฉ ู ุฑุจุน ุงูุณูุฉ.  ๐,2021-04-23T12:32:04Z,363273,29300,1601
4Zc0VKMG6cI,https://i.ytimg.com/vi/4Zc0VKMG6cI/default.jpg,ูุง ููุฌุฏ ุดุฆ ุจุฏูู ููุงุจู ุฃุจุฏุงุ ู ุฃุชุญุฏุงู! ๐ฐ,2021-04-16T11:30:01Z,357676,38472,3984
U7DjKKFKDgA,https://i.ytimg.com/vi/U7DjKKFKDgA/default.jpg,ุฃูู ุณููู ูููุฌุงุญ!,2021-04-09T11:21:09Z,321766,34559,1938
3uVpQsY2lkY,https://i.ytimg.com/vi/3uVpQsY2lkY/default.jpg,ุชุงุฑูุฎ ุงูุชูููุฉ ุงูุจุดุฑูุฉ | ูู ุจุชูุน ุงูุชูููุฉ ุงูุจุดุฑูุฉ ูุตุงุจููุ,2021-04-02T16:31:12Z,567109,48645,
VrWQn9On3qA,https://i.ytimg.com/vi/VrWQn9On3qA/default.jpg,ุงูุซุงูููุฉ ุงูุนุงูุฉ ูขููขูก : ูู ูุณุชูุจููุง ุถุงุน ุฎูุงุตุ!,2021-03-26T16:36:58Z,225271,26038,2842
qjR9P_qOa58,https://i.ytimg.com/vi/qjR9P_qOa58/default.jpg,ูุงุจุชูุจ ูุฏูุฉ ูู ุฅูููุฏูุง ๐คฉ๐ฅณ| ุชุฌูุจ ูุงุจุชูุจ ูุงูุง ุฏูุณูุชูุจ ุชุฌููุนุฉ !ุ,2021-03-19T14:32:09Z,514474,31469,1622
4tien8GwEcc,https://i.ytimg.com/vi/4tien8GwEcc/default.jpg,ุฃุณุฆูุฉ| ููู ุฃุฌุจุฑ ููุณู ุนูู ุงููุฐุงูุฑุฉุ ุฃูุถู 5 ููุฑุณุงุชุ ูู ุนุงูุฒ ุฃุจูู ุฃุญูุฏ ุฃุจูุฒูุฏุ ุฃุนูู ุฅููุ,2021-03-12T14:26:57Z,418803,34077,1780
VNvaHXLNT4g,https://i.ytimg.com/vi/VNvaHXLNT4g/default.jpg,ุณุฑ ุงููุฌุงุญ : ูุง ุชุฃูู ุงููุงุฑุดูููู,2021-03-05T11:30:26Z,425163,47802,2438
RHAVTn4W_z4,https://i.ytimg.com/vi/RHAVTn4W_z4/default.jpg,ุฅุนูุงู ููุฑุณ ููุดู ุฃุฎูุฑุงุงุงุงุง Notion Course  ๐ฅณ,2021-02-26T18:24:41Z,155965,11650,1468
BK_T3WGFLi0,https://i.ytimg.com/vi/BK_T3WGFLi0/default.jpg,ูุงููุฑุฉ ุณูููุง ุงูุณุงุญุฑุฉ ุงูุณูุฏุงุก Black Magicุ ุณุฑ ุฃููุงู ูุฌูุฏุฉ ุงูููุฏูููุงุชุ,2021-02-19T17:40:04Z,134977,12787,1053
BSGD6Vj3bCc,https://i.ytimg.com/vi/BSGD6Vj3bCc/default.jpg,ูุงุฐุง ุฃูุถูุ ๐ค ุงููุฑุงุกุฉ ูู ุงููุชุจ ุงููุฑููุฉ ุฃู ุงููุฑุงุกุฉ ุงูุฏูุฌูุชุงู ุ,2021-02-12T16:52:24Z,332083,28736,1912
mkL04h4pKzs,https://i.ytimg.com/vi/mkL04h4pKzs/default.jpg,ููู ููุฑุฃุ ูุง ุฏุงู ููู ููุฏูููุงุช ุชูุฎูุต ูููุชุจ!ุ,2021-02-05T19:03:02Z,1197179,111657,5335
Io3xK92c1gk,https://i.ytimg.com/vi/Io3xK92c1gk/default.jpg,ุชุฏููู ุงูููููุงุช Journaling | ุชุฌุฑุจุฉ ูุชุบูุฑ ุญูุงุชู ููุฃูุถู,2021-01-29T16:44:44Z,929217,76005,2775
cOD4ycdZ8TI,https://i.ytimg.com/vi/cOD4ycdZ8TI/default.jpg,๐ค ููุงุฐุง ุชุฃุชููุง ุงูุฃููุงุฑ ุงูุนุธููุฉ ูู ุงูุญูุงูุ๐,2021-01-22T14:00:10Z,159074,18645,1503
iX_hTQSYk-Y,https://i.ytimg.com/vi/iX_hTQSYk-Y/default.jpg,ุงูุฃุฏุงุฉ ุงููุซุงููุฉ ููุฅูุฌุงุฒุ ุฌูุฌู ููุจุ ุชู ุชูุ ููุดูุโ,2021-01-15T15:23:21Z,240914,23700,1092
Cu__QjmQW_s,https://i.ytimg.com/vi/Cu__QjmQW_s/default.jpg,Q&A: ุฃูุซุฑ ุนุงุฏุฉ ูุงุธุจุช ุนูููุง | ุจุนูู ุฌุฏูู ููู ูุง ุฃูุชุฒู ุจู |ุชุญููู ุฃูุจุฑ ุงุณุชูุงุฏุฉ ูู ุงููุชุจ| ููู ุฃุชุญูุณ ุฏุงุฆูุง,2021-01-08T14:04:01Z,270552,21890,1034
wSVhJ1ZiCKU,https://i.ytimg.com/vi/wSVhJ1ZiCKU/default.jpg,ูขููขู ุฃูุชุฑ ุณูุฉ ุฃูุฌุฒุช ูููุง ๐ฏ,2021-01-01T18:51:15Z,176187,21613,1234
RpIFf_cJhpU,https://i.ytimg.com/vi/RpIFf_cJhpU/default.jpg,ููู ุงูุชูููุฉ ุงูุจุดุฑูุฉ ู ุงูุดุบู ู ุงุฎุชูุงุฑ ุงููุณุงุฑ ุงููุธููู ุงููุงุฑูุฑ Career ูุน ุดุงููู.,2020-12-25T16:11:27Z,260657,11388,845
Q8e8jAM5ndk,https://i.ytimg.com/vi/Q8e8jAM5ndk/default.jpg,๐ฒ โ  ูกู ุชุทุจููุงุช ุฃุซุฑุช ุนูู ุญูุงุชู ููุฃูุถู,2020-12-18T15:18:24Z,1178654,80705,1856
MM37FHHtyLs,https://i.ytimg.com/vi/MM37FHHtyLs/default.jpg,ุฒูู ุงููุฑูุนุฉ : ููู ุชุฎุฑุฌ ูู ุฒูู ุงููุฑูุนุฉุ,2020-12-11T14:01:09Z,1781889,153634,6566
ux5w5pTzgTc,https://i.ytimg.com/vi/ux5w5pTzgTc/default.jpg,ูคูฅ ููู ุจุฏูู ููุณุจููุ,2020-12-05T13:33:03Z,558624,53362,3900
Z416t3o9Ej8,https://i.ytimg.com/vi/Z416t3o9Ej8/default.jpg,ููุงุฐุง ูุง ูุชูู ุงูุนุฑุจ ุงููุบุฉ ุงูุฅูุฌููุฒูุฉ ูุซู ุจุงูู ุงูุนุงูู ุ,2020-11-27T14:00:07Z,356137,35279,2205
wwYUE6va8K4,https://i.ytimg.com/vi/wwYUE6va8K4/default.jpg,ุฃูููุง ุฃูุถูุ ุงูุงูุจุงุฏ ุงู ุงููุงุจุชูุจุ,2020-11-13T16:01:01Z,749710,40479,1885
32kGFH4Vvq0,https://i.ytimg.com/vi/32kGFH4Vvq0/default.jpg,ููุงุฐุง ุงูุงูุจุงุฏ ูู ุฃูุถู ุฌูุงุฒ ููุชุนููุ | ุจุนุช ุงููุงุจุชูุจ ู ุงุดุชุฑูุช ipad pro | ุฃูู ูุฑุฉ ุฃุฌุฑุจ apple !,2020-11-06T16:28:06Z,1990329,91847,5771
5wpp3vFM41U,https://i.ytimg.com/vi/5wpp3vFM41U/default.jpg,ุฃุดูุฑ ูุจุฑูุฌ ุนุฑุจูุ ูู ูุฏุฑุณ ุงูุจุฑูุฌุฉ |  ุฃุณุงูุฉ ุงูุฒูุฑู,2020-10-30T14:34:02Z,1888144,85767,3255
m0jyjCyFw_c,https://i.ytimg.com/vi/m0jyjCyFw_c/default.jpg,ููู ุชุนููุช ุงูุจุฑูุฌุฉุ ุฃูู ุจุฑูุงูุฌ ุฃุนููู ุจููุณู ุจุงููุงููุ,2020-10-23T13:30:02Z,1968853,149650,3613
1YnGAJmDA04,https://i.ytimg.com/vi/1YnGAJmDA04/default.jpg,Q&A | ุชูุธูู ุงูููุช ููุงุฐุง ุฃุชุนูู ุงูุจุฑูุฌุฉ ุูุงููุชุจ ูุงูุฃููุงู ุงูุชู ุฃุฑุดุญูุงุ ูุฃูู ุงููููุฌุงุชุูุงูุชุนููู ุงูุฐุงุชู!,2020-10-16T12:31:06Z,322807,32211,1438
ubWT5DDzHdg,https://i.ytimg.com/vi/ubWT5DDzHdg/default.jpg,ูกู ุฃุฏูุงุช ูููุฏุฉ ูู ุฌูุฌู ูุฑูู,2020-10-09T15:06:55Z,422469,34030,1172
j1nxd_wQFXM,https://i.ytimg.com/vi/j1nxd_wQFXM/default.jpg,ุงูุฑุญูุฉ ูู ุงูููุฏุณุฉ ููุนูู ุงูุญุฑ ูุงูููุดู ุฌุฑุงููู ูุน (ุตููุจ ุงูุฏุณููู)ุ,2020-10-02T11:36:43Z,948291,57816,2287
uXzRDsbep_M,https://i.ytimg.com/vi/uXzRDsbep_M/default.jpg,Notion | ุฃุฏุงุฉ ูุงุญุฏุฉ ุชูุธู ุญูุงุชู ุจุงููุงูู,2020-09-25T12:00:51Z,1003260,62278,2276
PCVYKTxTMWM,https://i.ytimg.com/vi/PCVYKTxTMWM/default.jpg,ุญููุจุฉ ุชุนูู ุงููุบุฉ ุงูุงูุฌููุฒูุฉ!,2020-09-19T16:17:02Z,432677,36233,1275
7zeefxy6WKY,https://i.ytimg.com/vi/7zeefxy6WKY/default.jpg,ุฏูุนุฉ ุงูุชุงุจูุช ูู ุงูุซุงูููุฉ ุงูุนุงูุฉุ ูู ุดุฆ ูุนุฑูู ุญุชู ุงูุฃู!,2020-09-11T11:01:55Z,306241,32454,2109
eg3wHwXDIEc,https://i.ytimg.com/vi/eg3wHwXDIEc/default.jpg,ูกู ุฃุณุฑุงุฑ ูู ุจุญุซ ุฌูุฌูุ ุฃูุช ูุง ุชุนุฑููู!,2020-09-05T18:50:43Z,1569239,81411,1629
Tnt4NJcPMfM,https://i.ytimg.com/vi/Tnt4NJcPMfM/default.jpg,ุจูุฏูุงุณุช ูุน ุงุญูุฏุฏุณููู: ูู ูุญุถุฑ ููููุง ูู ุงููููุฉ ููุนูู ุงูุฃู ูู ุจูู ูุฑูููุ ูููุ,2020-08-28T11:53:51Z,586493,18793,1265
1sEAjk4Cl6Y,https://i.ytimg.com/vi/1sEAjk4Cl6Y/default.jpg,Touch Typing ุงููุชุงุจุฉ ุงูุณุฑูุนุฉ ุฏูู ุงููุธุฑ ููููุจูุฑุฏ !,2020-08-14T12:33:11Z,2721317,203121,3821
pSPUeYx1nik,https://i.ytimg.com/vi/pSPUeYx1nik/default.jpg,ูฉ ููุงุฑุงุช ุถุฑูุฑูุฉ ุฃู ุดุฎุต ูุญุชุงุฌูู ูู ุงูุญูุงุฉ ุนุงูุฉ,2020-08-07T17:19:06Z,1213875,87299,2013
X1b4zYbAHt0,https://i.ytimg.com/vi/X1b4zYbAHt0/default.jpg,ููููุฉ ุนูู ุงูุชุฑู ุงุญุชุฑุงููุฉ ูููุฏูููุงุชู [ ูุฌุงูุงู - ุจูฅ ุฏููุงุฑ - ุจูฅู ุฏููุงุฑ ],2020-07-29T19:17:44Z,800237,46614,3463
TShyPo3ZDPU,https://i.ytimg.com/vi/TShyPo3ZDPU/default.jpg,ููู ุชุฏุฎู ุงูุชุฑูุฏ ุนูู ููุชููุจ  Trending !๐ฅ,2020-07-24T19:04:57Z,304506,31311,1530
BZeBQiH-IOE,https://i.ytimg.com/vi/BZeBQiH-IOE/default.jpg,ุงูุดูุงุฏุงุช ุจุชููุชุ ุฅูุญู ููุณู !,2020-07-18T11:10:00Z,408067,39517,2402
VWhEIqyNFx8,https://i.ytimg.com/vi/VWhEIqyNFx8/default.jpg,ููู ุชููู ุฐุงูุฑุชู ุจูุณุจุฉ 500 % ุ,2020-07-10T02:00:02Z,1681312,109777,2084
wOp3Kyt_V5E,https://i.ytimg.com/vi/wOp3Kyt_V5E/default.jpg,ุนุดุฑุฉ ูุตุงุฆุญ ุฐูุจูุฉ ูููุฑุงูููู  [-18],2020-07-04T20:49:40Z,2631662,202593,6364
GZpk7Vqv3jQ,https://i.ytimg.com/vi/GZpk7Vqv3jQ/default.jpg,ุงูุชุณููู | ุฃุณุจุงุจู ูุนูุงุฌู ูููู ุชุชุฎูุต ูู ุงูุชุณูููุ,2020-06-26T11:21:10Z,643940,55164,1862
GHHaKXKTMmw,https://i.ytimg.com/vi/GHHaKXKTMmw/default.jpg,ูู ูุชุนูู ููุฏูููุงุช ุทูู ุงูุนูุฑุ ู ูู ููุชููุจ ูููู ูููู ุนูู ุฏุงุฆู ูุฏู ุงูุญูุงุฉุ  Q&A,2020-06-20T14:19:36Z,251829,22686,1458
7nmKtI7fEmU,https://i.ytimg.com/vi/7nmKtI7fEmU/default.jpg,ููุฎุต ุฃูู ููุฑุณ ุญุถุฑุชู ูู ุญูุงุชู :  ุชุนูู ููู ุชุชุนูู!,2020-06-12T19:14:03Z,3876018,232652,5454
wSsT98mFXxc,https://i.ytimg.com/vi/wSsT98mFXxc/default.jpg,ูกู ูุตุงุฆุญ ูููุฐุงูุฑุฉ ูุจู ุงูุฅูุชุญุงูุงุช !,2020-06-05T20:37:53Z,875370,67680,2087
sm51PAGPPPM,https://i.ytimg.com/vi/sm51PAGPPPM/default.jpg,ุชุนูู ุฃุณุงุณูุงุช ุงููููุชุงุฌ | ุจุฑูููุฑ ูู ุงูุตูุฑ ูู ูกูฅ ุฏูููุฉ !,2020-05-29T17:24:56Z,1913600,97935,3204
m3D7Vg2yCdo,https://i.ytimg.com/vi/m3D7Vg2yCdo/default.jpg,ุฃุดูุฑ ุงูุชุญุงู ุฅูุฌููุฒู ูู ุงูุนุงูู | ูู ุดุฆ ุชุญุชุงุฌ ุฃู ุชุนุฑูู ุนู ุงูุชุญุงู ุงูุฃููุชุณ  IELTS,2020-05-22T21:24:47Z,899667,59909,1098
3FW6D-4aLWM,https://i.ytimg.com/vi/3FW6D-4aLWM/default.jpg,"ุงููุชุดุงุจูุงุช ูู ุงูุงูุฌููุฒู | Hole, Whole, Hall",2020-05-08T14:23:27Z,61959,5189,367
MXzqaSj2lXM,https://i.ytimg.com/vi/MXzqaSj2lXM/default.jpg,ุชุนูู ุฅูุฌููุฒู ูู ุบูุฑ ูุง ุชุงุฎุฏ ุจุงูู ๐!,2020-05-01T19:54:09Z,970171,84824,2496
PjI17Kyx-yY,https://i.ytimg.com/vi/PjI17Kyx-yY/default.jpg,"ุงููุชุดุงุจูุงุช ูู ุงูุงูุฌููุฒู | Flew, Flu, Flue, Flow",2020-04-24T13:02:55Z,75538,6370,381
TDPifkE4KAc,https://i.ytimg.com/vi/TDPifkE4KAc/default.jpg,ุฃุฑุฎุต ูุงููุฑุง ุงุญุชุฑุงููุฉ 2020 ! ูู ุชููุน ูููุชููุจุ,2020-04-17T17:45:25Z,714226,33373,1426
784SkluoMVY,https://i.ytimg.com/vi/784SkluoMVY/default.jpg,ุชุบููุฑ ูููุฉ ุฏุฑูุณ ุฃูููุงูู ุจุงููุงุงุงุงุงุงุงูู,2020-04-14T19:21:40Z,217641,23522,2046
XICg0J2uTR8,https://i.ytimg.com/vi/XICg0J2uTR8/default.jpg,"9 ุญุงุฌุงุช ุชุนูููู ูู ุงูุจูุช , ู ุฃูู ุญุงุฌุฉ: ุชุชูุฑุฌ ุนูู ุฃููุงู.",2020-04-10T20:25:12Z,531793,46158,2307
zzkp__pDZNI,https://i.ytimg.com/vi/zzkp__pDZNI/default.jpg,ุฏู ุฏู ุฏู do due dew ุจูุจู ุดุงุฑู๐ | ุงููุชุดุงุจูุงุช ูู ุงูุงูุฌููุฒู,2020-04-03T15:00:27Z,107607,10490,674
twnzVirY2Ao,https://i.ytimg.com/vi/twnzVirY2Ao/default.jpg,4 ุฃุฏูุงุช ู ุชุทุจููุงุช ูุง ุบูู ุนููู ููุฅูุฌุงุฒ ู ุฒูุงุฏุฉ ุงูุฅูุชุงุฌูุฉ.๐,2020-03-16T19:36:53Z,2546333,163952,2971
KeT9BdSznV4,https://i.ytimg.com/vi/KeT9BdSznV4/default.jpg,"ุงููุชุดุงุจูุงุช ูู ุงูุงูุฌููุฒู | ุงููุฑู ุจูู There, Their, They're, There's, Theirs.",2020-03-07T16:38:54Z,127611,8751,469
1c8fc7mmmHA,https://i.ytimg.com/vi/1c8fc7mmmHA/default.jpg,"ูู ุฃูุช ุขููุ | ุญูุงูุฉ ู ุชุฃููู ุญุณุงุจ ุฌูุฌู ๐ ,  ุฃุณุงููุจ ุณุฑูุฉ ูููุงุช ุงูููุชููุจ ๐ง",2020-03-01T16:44:54Z,218681,18329,1050
JPHIsfORric,https://i.ytimg.com/vi/JPHIsfORric/default.jpg,"ุงููุชุดุงุจูุงุช | ุงููุฑู ุจูู Where, wear, ware, were, whir, we're, war.",2020-02-23T16:50:15Z,137451,11175,640
HQT7AvCrrYo,https://i.ytimg.com/vi/HQT7AvCrrYo/default.jpg,ูู ุงูุดูุงุฏุฉ ุงูุฌุงูุนูุฉ ูููุฉุ ูุงูุง ุชุจููุง ู ุชุดุฑุจ ููุชูุงุ,2020-02-15T20:14:42Z,236799,22333,1384
Vz0_W_vOzb8,https://i.ytimg.com/vi/Vz0_W_vOzb8/default.jpg,"ุงููุชุดุงุจูุงุช ูู ุงูุงูุฌููุฒู| too, to, two, tow, toe.",2020-02-08T19:22:05Z,100766,7897,656
mI7YMKMJMrc,https://i.ytimg.com/vi/mI7YMKMJMrc/default.jpg,ูุงุงุงุงู ููููุชููุจุฑุฒ | ุทุฑููุฉ ุชุญููู ูุณุฎุฉ ุฅุญุชูุงุทูุฉ ูู ููุฏูููุงุชู ุจุฌูุฏุชูุง ุงูุฃุตููุฉ ูู  ููุชููุจ.,2020-02-01T14:12:31Z,87591,6454,465
Fb-b95F92WA,https://i.ytimg.com/vi/Fb-b95F92WA/default.jpg,ููุงุฐุง ููุดู ูู ุชุญููู ุฃูุฏุงููุง !ุ ูุน ( ุนูู ูุญูุฏ ุนูู),2020-01-25T16:36:47Z,707980,45600,1559
lpBuXCpwxSw,https://i.ytimg.com/vi/lpBuXCpwxSw/default.jpg,ุชุนูู ุงูุจุฑูุฌุฉ - ุฃูู ูุธููุฉ ูู ุงููุณุชูุจูุ,2020-01-18T16:57:53Z,1358576,102670,2531
8nnxakK0SpA,https://i.ytimg.com/vi/8nnxakK0SpA/default.jpg,ุงููุชุดุงุจูุงุช ูู ุงูุฅูุฌููุฒู !,2020-01-11T08:00:51Z,164994,12968,271
ywqBWbFSjgg,https://i.ytimg.com/vi/ywqBWbFSjgg/default.jpg,ุงูููุญ | ุณุงูุฑ ู ุงุชุนูู ุจุจูุงุด ู ุฎุฏ ุดูุงุฏุฉ ู ูููุณ ููุงู !,2020-01-04T08:00:08Z,578814,43819,1518
FvNWi2nVMJo,https://i.ytimg.com/vi/FvNWi2nVMJo/default.jpg,ุชุฌุฑุจุฉ ุงูุดุฑุงุก ูู ุงูุงุฒูู ูุงูุดุญู ุญุชู ุจุงุจ ุจูุชู ุจูุงูู ุงูุชูุงุตูู,2019-12-28T08:17:54Z,537498,29153,1313
TxlkCu-pJC4,https://i.ytimg.com/vi/TxlkCu-pJC4/default.jpg,ุฏุฑูุณ ุงูููุงูู ู ุงุจุฑุงููู ุนุงุฏู ZAmerican English ู ุงูุงูุณูุช!,2019-12-21T08:00:08Z,506149,43424,2478
4vyzrmiJLh0,https://i.ytimg.com/vi/4vyzrmiJLh0/default.jpg,"ุฃุณุฑุงุฑ ุงููุฑู ูุงูุณ ู ุงูุนูู ุงูุญุฑ  ูุน ""ุฃุดูุฑ ูุฑููุงูุณุฑ"" ูู ุงูุนุงูู ุงูุนุฑุจู.",2019-12-14T08:00:01Z,538218,40934,1194
HH78Zq8zW7k,https://i.ytimg.com/vi/HH78Zq8zW7k/default.jpg,ููู ุชูุฑุฃ ุงูุณุงุนุฉ ูู ุงููุบุฉ ุงูุงูุฌููุฒูุฉุ ุงูุณุงุนุฉ ูุงู ุจุงูุงูุฌููุฒูุ,2019-12-07T08:00:02Z,503153,23213,874
rFwGOcQelGU,https://i.ytimg.com/vi/rFwGOcQelGU/default.jpg,"ูุชู ูุถูู d, ed, ied ุงูุชุตุฑูู ุงูุชุงูู ูููุนู ูู ุงูุงูุฌููุฒู.",2019-11-15T13:12:33Z,553811,31645,1281
nTmqxzsaxlY,https://i.ytimg.com/vi/nTmqxzsaxlY/default.jpg,ุฃูู ูุชุฑุฉ ูู ุญูุงุชู ุ,2019-11-09T16:38:34Z,343972,31397,1249
cRHaYHxLIOk,https://i.ytimg.com/vi/cRHaYHxLIOk/default.jpg,ุฃุบุฑุจ ุดุฆ ุณุงุนุฏูู ูู ุชุบููุฑ ุญูุงุชู ู ุชุฑู ุงููุธููุฉ!,2019-10-30T18:00:07Z,219709,21882,1759
6k3Xr7O10tg,https://i.ytimg.com/vi/6k3Xr7O10tg/default.jpg,ุงูุฒูุงุฌ ุญููุ ุฃุจุฏุฃ ูู ุฃููุ Q&A,2019-10-23T08:00:02Z,446142,30526,1586
HP7vm_hSZpI,https://i.ytimg.com/vi/HP7vm_hSZpI/default.jpg,๐ ูุฏูุฉ ุฌูุฌู ูู,2019-10-18T08:00:04Z,461442,36172,1341
jfDm3HIYZm8,https://i.ytimg.com/vi/jfDm3HIYZm8/default.jpg,ุงูููุงุธุฑุฉ ุจูู ุฃุญูุฏ ุฃุจูุฒูุฏ ู ุนูุฑ ุนุจุฏ ุงูุฑุญูู ุนู ุงูุฃูุณูุช,2019-09-05T10:35:00Z,597644,46858,
2sdS6CX3jfk,https://i.ytimg.com/vi/2sdS6CX3jfk/default.jpg,ุงูุฑุฏ ุนูู ุนูุฑ ุนุจุฏุงูุฑุญูู ูู ููุถูุน ุงูุฃูุณูุช,2019-08-28T12:26:59Z,732735,50197,
qjl8wdrpEpc,https://i.ytimg.com/vi/qjl8wdrpEpc/default.jpg,ุงูู 7 ูุตุงูุง ูุทูุงุจ ุงูุฌุงูุนุฉ,2019-08-24T10:09:29Z,830131,66848,1409
WDP1gK23GG4,https://i.ytimg.com/vi/WDP1gK23GG4/default.jpg,7 ูุตุงุฆุญ ุฐูุจูุฉ ูุทูุงุจ ุงูุซุงูููุฉ ๐ฅ๐,2019-08-15T19:06:54Z,1307116,109044,4771
KnI6p28CU0A,https://i.ytimg.com/vi/KnI6p28CU0A/default.jpg,ุซูุงุซุฉ ููููู ูุดุชุฑู| ุฌูู ุฃูุงู ูู 20 ูุงุฆุฒ | ุฌููุฉ ูู ุงูุงุณุชูุฏูู ุงูุฌุฏูุฏ,2019-08-02T12:06:30Z,373126,38203,2757
Zo0WdtXNgv0,https://i.ytimg.com/vi/Zo0WdtXNgv0/default.jpg,"ูุญุณู ูู ูุทูู , ูุญูุธู ูููุงุช ุฃูุชุฑ ู ูุฒูุฏ ุซูุชู ุนูุฏ ุงูููุงู ุจุงูุฅูุฌููุฒูุ",2019-07-22T16:08:46Z,1529270,140067,3775
ZsS6g9pBHEE,https://i.ytimg.com/vi/ZsS6g9pBHEE/default.jpg,ุฃูู ูฃ ุญุงุฌุงุช ุชุนูููู ูู ุงูุงุฌุงุฒู!,2019-07-10T10:32:04Z,1061351,93854,4761
7c5UAin9JOs,https://i.ytimg.com/vi/7c5UAin9JOs/default.jpg,ููู ุชุนุฏ ุงูุบูุฑ ูุนุฏูุฏ ูู ุงูุงูุฌููุฒู!ุ,2019-06-24T08:00:00Z,73156,6334,617
s9_3JW77f1o,https://i.ytimg.com/vi/s9_3JW77f1o/default.jpg,ูุงุฐุง ุชูุนู ูู ูุงุจูู ุณุคุงู ูุง ุชุนุฑู ุฅุฌุงุจุชูุ (ุฅูุชุญุงูุงุช ุงูุซุงูููุฉ ุงูุนุงูุฉ),2019-06-09T22:22:39Z,554034,44735,2131
4C45OiYF8VE,https://i.ytimg.com/vi/4C45OiYF8VE/default.jpg,7 ูุตุงุฆุญ ุฐูุจูุฉ ููููุฉ ุงูุฅูุชุญุงู ููุซุงูููุฉ ุงูุนุงูุฉ,2019-06-09T10:09:58Z,747112,61276,2559
z5CW6FZHb5A,https://i.ytimg.com/vi/z5CW6FZHb5A/default.jpg,ุงูุฌูุด ุชูู ุงูุงู - Bloopers ุ ุฎูู ุงูููุงููุณ,2019-05-29T19:31:17Z,89266,7162,773
1K0HKlZh4KE,https://i.ytimg.com/vi/1K0HKlZh4KE/default.jpg,"ุฅูุฌูุด ุชูู ุงูุงู 2 - ูุงููุฑู ูู ุงููุทู ุจูู hear, here, hair, her",2019-05-24T17:36:04Z,115050,6742,379
6LlcnJr-U4I,https://i.ytimg.com/vi/6LlcnJr-U4I/default.jpg,ุฅูุฌูุด ุชูู ุงูุงู 2 - ูQuotation Marks,2019-05-23T19:08:33Z,74290,5340,251
A4dRU7YH_uc,https://i.ytimg.com/vi/A4dRU7YH_uc/default.jpg,"ุฅูุฌูุด ุชูู ุงูุงู 2 - ุงููุฑู ุจูู job, Work, Career",2019-05-22T19:30:54Z,88399,7469,467
UV1F7cq5eu4,https://i.ytimg.com/vi/UV1F7cq5eu4/default.jpg,ุฅูุฌูุด ุชูู ุงูุงู 2 - ุงููุฑู ุจูู Hard ู Hardly,2019-05-21T17:39:14Z,67675,6153,677
nCMCmsGMVqs,https://i.ytimg.com/vi/nCMCmsGMVqs/default.jpg,ุฅูุฌูุด ุชูู ุงูุงู 2 - SO....That,2019-05-20T17:25:00Z,135021,12257,871
CYAawvNeuRs,https://i.ytimg.com/vi/CYAawvNeuRs/default.jpg,ุฅูุฌูุด ุชูู ุงูุงู 2 - ุงููุฑู ุจูู SO ู Very,2019-05-19T17:32:31Z,82297,7058,472
vtyJX-UnP64,https://i.ytimg.com/vi/vtyJX-UnP64/default.jpg,"ุฅูุฌูุด ุชูู ุงูุงู 2 - Work as, for, on, in with",2019-05-18T19:30:00Z,70097,5642,422
Fq4U20OuBjU,https://i.ytimg.com/vi/Fq4U20OuBjU/default.jpg,"ุฅูุฌูุด ุชูู ุงูุงู 2 -ุงููุฑู ุจูู Respected, Respectful, Respectable",2019-05-17T19:33:03Z,98583,9110,626
8XcNQgariZc,https://i.ytimg.com/vi/8XcNQgariZc/default.jpg,ุฅูุฌูุด ุชูู ุงูุงู 2 - I was wondering if ูุง ูุคุฏุจ,2019-05-16T17:25:00Z,53629,5265,565
r_lmmpGR6H0,https://i.ytimg.com/vi/r_lmmpGR6H0/default.jpg,ุฅูุฌูุด ุชูู ุงูุงู 2 - Affect & Effect,2019-05-15T17:10:42Z,80685,7466,548
Ku1HJXlyyLU,https://i.ytimg.com/vi/Ku1HJXlyyLU/default.jpg,ุฅูุฌูุด ุชูู ุงูุงู 2 - Did he go? Or Did he went?,2019-05-14T17:37:45Z,65380,6309,508
3MG9Y0OUTxU,https://i.ytimg.com/vi/3MG9Y0OUTxU/default.jpg,"ุฅูุฌูุด ุชูู ุงูุงู 2 - Everything, Everyone, Something, Anything, Anyone, NO one...etc",2019-05-13T17:15:02Z,124701,9161,803
HzHP1GcOPqY,https://i.ytimg.com/vi/HzHP1GcOPqY/default.jpg,"ุฅูุฌูุด ุชูู ุงูุงู 2 - If I were you, I would",2019-05-12T17:15:01Z,88484,8445,893
Mb_sLhCxk7M,https://i.ytimg.com/vi/Mb_sLhCxk7M/default.jpg,ุฅูุฌูุด ุชูู ุงูุงู 2 - Advice & Advise,2019-05-11T19:42:30Z,81696,8544,490
1sU9StGxTKk,https://i.ytimg.com/vi/1sU9StGxTKk/default.jpg,ุฅูุฌูุด ุชูู ุงูุงู 2 - Be able to,2019-05-10T17:28:45Z,162716,13335,1065
y-q9Mg5OKdg,https://i.ytimg.com/vi/y-q9Mg5OKdg/default.jpg,ุฅูุฌูุด ุชูู ุงูุงู 2 - Being,2019-05-09T20:00:03Z,112681,9464,497
oGrQ46cECSA,https://i.ytimg.com/vi/oGrQ46cECSA/default.jpg,ุฅูุฌูุด ุชูู ุงูุงู 2 - people ุฌูุน ูุงูุง ููุฑุฏ,2019-05-08T20:00:02Z,125317,10393,464
BRDOCZHXXeY,https://i.ytimg.com/vi/BRDOCZHXXeY/default.jpg,"ุฅูุฌูุด ุชูู ุงูุงู 2 - quit , quite, quiet ๐",2019-05-07T23:10:30Z,127393,13446,1059
k4gcI6jHH_I,https://i.ytimg.com/vi/k4gcI6jHH_I/default.jpg,ุฅูุฌูุด ุชูู ุงูุงู 2 - Been,2019-05-06T20:00:03Z,172712,15138,1578
KrFgsc8fpNE,https://i.ytimg.com/vi/KrFgsc8fpNE/default.jpg,ุฃูู ุฃูู ุดุฆ ูู ุงูุดูุฑ ุงูุฃุฎูุฑ ูุจู ุงูุฅูุชุญุงูุงุช,2019-04-27T07:51:40Z,358499,37022,1825
8ijsxKzgROM,https://i.ytimg.com/vi/8ijsxKzgROM/default.jpg,ุงูู 10 ูุตุงุฆุญ ุงูุฐูุจูุฉ ูููุฑููุงูุณุฑุฒ ุงูุฌุฏุฏ,2019-04-20T08:00:01Z,3023153,211396,4152
-QFFDOlsI6U,https://i.ytimg.com/vi/-QFFDOlsI6U/default.jpg,ุงูุฃุฌุงูุจ ูุด ุนุงุฑููู ุงูุฌุฑุงูุฑ ุงููู ุจูุฏุฑุณูุง ุฃุตูุง ! ๐ฑ,2019-04-13T17:25:13Z,166436,14613,973
ClpLnhOUVJM,https://i.ytimg.com/vi/ClpLnhOUVJM/default.jpg,ูุง ูู ุฃูู ุฒูู ูู ุงูุงูุฌููุฒูุ,2019-04-04T08:54:48Z,98660,9933,706
HPkGQ7LidEE,https://i.ytimg.com/vi/HPkGQ7LidEE/default.jpg,ููู ุงููุดุงูุฏุงุช ุนูู ุงูููุงุฉ ููููุฉ ุฑุบู ููุงููู ุงููุดุชุฑููู !!!ุ,2019-03-28T09:33:22Z,219159,30351,2321
LTW1lpjGjX4,https://i.ytimg.com/vi/LTW1lpjGjX4/default.jpg,ููุช ูุญูุงู ุฃูุช ุดุบุงู ุฅูู ู ุงูุช ุฑุงูุญ ุชุฎุทุจ ุจูุชูุ! Q&A,2019-03-17T08:00:31Z,269576,21176,1430
IwKidchw3ek,https://i.ytimg.com/vi/IwKidchw3ek/default.jpg,ุฅุฒุงู ุชูู ุงููููุฌ ูู ุงููุชุฑุฉ ุงูุจุงููุฉ ูุจู ุงูุงูุชุญุงูุงุชุ ( ุงูุซุงูููุฉ ุงูุนุงูุฉ ),2019-03-09T12:05:54Z,1347289,100592,4642
SDeNDnbr_0g,https://i.ytimg.com/vi/SDeNDnbr_0g/default.jpg,"ุงูู ing , ููุงุฐุง ูุญุจ ุชูู ุงูุซูุงุซุฉ ุญุฑููุ ู ูุชู ูุณุชุฎุฏูููุ Gerund",2019-03-01T08:00:03Z,685776,36788,1311
Mw2DIQXiywk,https://i.ytimg.com/vi/Mw2DIQXiywk/default.jpg,ุงูู7 ูุตุงูุง ููููุชููุจุฑุฒ ุงูุฌุฏุฏ,2019-02-19T09:00:02Z,2623655,184769,28474
F3QT4ptq6LE,https://i.ytimg.com/vi/F3QT4ptq6LE/default.jpg,ูุธููุฉ ุงูุชุตุฑูู ุงูุซุงูุซ ูู ุงูุงูุฌููุฒูุ,2019-02-10T14:04:29Z,344357,20918,1103
q7hDYYP23Jo,https://i.ytimg.com/vi/q7hDYYP23Jo/default.jpg,ููุงุฐุง ุชุฃุฎุฑูุงุ ูุชุจุช ูุชุงุจู ๐,2019-02-05T09:39:40Z,209355,20615,2926
idRHxUm8ToQ,https://i.ytimg.com/vi/idRHxUm8ToQ/default.jpg,ููู ุชุถุน ุฃูุฏุงู ุงูุณูุฉ ุงูุฌุฏูุฏุฉ ู ุชุญูููุง ูุนูุง ูุฐู ุงููุฑุฉ,2019-01-21T18:05:48Z,877381,74047,2966
Yo5ztWpEApw,https://i.ytimg.com/vi/Yo5ztWpEApw/default.jpg,ุดุฑุญ ูู ุฃุฒููุฉ ุงููุณุชูุจู ูู ุงูุงูุฌููุฒู All Future Tenses in English,2019-01-13T14:17:22Z,778889,37463,1096
gU0V4Y5BMFs,https://i.ytimg.com/vi/gU0V4Y5BMFs/default.jpg,ุดุฑุญ ูู ุฃุฒููุฉ ุงููุงุถู ูู ุงูุงูุฌููุฒู All Past Tenses in English,2019-01-06T19:36:30Z,1315462,59276,1418
lxnbZDJAuIw,https://i.ytimg.com/vi/lxnbZDJAuIw/default.jpg,ุดุฑุญ ูู ุฃุฒููุฉ ุงููุถุงุฑุน ูู ุงูุงูุฌููุฒู All Present Tenses.,2018-12-30T15:14:19Z,2406210,121740,3654
9ti78jEZkgg,https://i.ytimg.com/vi/9ti78jEZkgg/default.jpg,"ุงุชุนูู ูู ุงููููุฏ,ุงูุงูุณูุช ูุด ูููู ุนูู ุงูุงุทูุงู ู ุจุงูุฏููู",2018-12-21T20:18:20Z,168238,14742,1682
PrpJaLQ1wtQ,https://i.ytimg.com/vi/PrpJaLQ1wtQ/default.jpg,ุงููุฑู ุจูู must ู have to ูู ุงูุงูุฌููุฒู,2018-12-14T11:58:43Z,594632,32348,1290
ru8Pk9C3aRM,https://i.ytimg.com/vi/ru8Pk9C3aRM/default.jpg,"ุญู ุงูุชุณููู ูู ุงููุฐุงูุฑุฉ, ุชุนุฑู ุนูู ููุงุฆุฏ ุงููุฐุงูุฑุฉ ุงูุฌูุงุนูุฉ ูู ุงูุซุงูููุฉ ุงูุนุงูุฉ ูุงููููุฉ.",2018-12-07T15:37:41Z,124447,10804,1150
Pucgils5IKk,https://i.ytimg.com/vi/Pucgils5IKk/default.jpg,ุชุญุฏูุซ ุฏุฑูุณ ุงูููุงูู 2.0 ( ุงุดุชุฑููุง ูุงููุฑุง ุณูููุง),2018-12-04T20:29:15Z,88496,7632,765
nBQqMcSOCfQ,https://i.ytimg.com/vi/nBQqMcSOCfQ/default.jpg,ูููุฏุณ ุณุงุจู |  ูููุฒุงุช ู ุนููุจ ุงูุนูู ุงูุญุฑ ู ูุตุงุฆุญ ููู ูููุฑูู ุชุฑู ุงููุธููุฉ!,2018-11-23T16:58:16Z,611400,45025,2517
lUi_9xwGjfw,https://i.ytimg.com/vi/lUi_9xwGjfw/default.jpg,"ุดุฑุญ ุงูุงุญุชูุงู ูููููุฉ ุงุณุชุฎุฏุงู definitely, probably, possibly,maybe, perhaps",2018-11-16T15:36:06Z,136128,9041,602
ZKfr7VsxmA0,https://i.ytimg.com/vi/ZKfr7VsxmA0/default.jpg,[Q&A] ุงุฒุงู ุชุนุฑู ุงูุญุงุฌู ุงููู ุงูุช ุดุบูู ุจููุง ุ,2018-11-09T15:30:00Z,227889,21496,1252
13ckP8TAgCA,https://i.ytimg.com/vi/13ckP8TAgCA/default.jpg,ุดุฑุญ ุชุนุฏูู ู ุชุญุณูู ุงูุตูุฑ ุนูู ุงูููุจุงูู ุจุชุทุจูู Snapseed.,2018-11-06T20:51:04Z,586770,34625,1631
bKI_S98BckM,https://i.ytimg.com/vi/bKI_S98BckM/default.jpg,ููู ุชุถุน ูููุณู ุฃูุฏุงู ุฐููุฉ SMART Goals ุ,2018-11-02T18:00:05Z,1037634,93950,3455
fOFrPe9nQsk,https://i.ytimg.com/vi/fOFrPe9nQsk/default.jpg,10 ุทุฑู ููุฑุฏ ุนูู Thank you ุฃูุถู ูู You're welcome,2018-10-26T18:00:07Z,348895,22030,1055
hkW2eB80YZ0,https://i.ytimg.com/vi/hkW2eB80YZ0/default.jpg,ูุง ุชุณุชุฎุฏู Very ุจูุซุฑุฉ ูู ุงูุงูุฌููุฒู,2018-10-19T18:00:04Z,193490,18361,1189
LO9Jfhqpy4o,https://i.ytimg.com/vi/LO9Jfhqpy4o/default.jpg,ุงููุฑู ุจูู Look ู See ู Watch ูู ุงูุงูุฌููุฒู,2018-10-16T19:07:40Z,103519,10659,918
d_eDBrJ3WD0,https://i.ytimg.com/vi/d_eDBrJ3WD0/default.jpg,ุฅุฎุชุตุงุฑ ุฑุงุฆุน ุณูููู ููุช ุงููููุชุงุฌ ูููุตู ูู ุจุฑูููุฑ,2018-10-12T13:07:25Z,320787,20868,807
uQ_ISRwd18g,https://i.ytimg.com/vi/uQ_ISRwd18g/default.jpg,ุงูุญุดู ุงููุฐูุฐ ูู ูุบุฉ ุงูุงูุฌููุฒ,2018-10-05T12:00:35Z,148039,11839,775
3jxBPRsixs4,https://i.ytimg.com/vi/3jxBPRsixs4/default.jpg,"ุฃูุณุงู ุงูููุงู ูู ุงููุบุฉ ุงูุงูุฌููุฒูุฉ (Noun, Verb, Adjective, adverb, pronoun, preposition)",2018-09-28T13:19:39Z,1318896,60941,2132
2XmRcng5w4o,https://i.ytimg.com/vi/2XmRcng5w4o/default.jpg,"2 ููููู ูุดุชุฑู, ูุงููููู ! ๐",2018-09-19T16:00:44Z,117823,13504,2511
MHBXz3WkEaY,https://i.ytimg.com/vi/MHBXz3WkEaY/default.jpg,""" ุจุฏูู ุดูุงุฏุงุช "" ุงูุฃู ุชูุฏุฑ ุชูุฏู ูุดุบู ูู ุฃุจู ู ุฌูุฌู , ุจุณ ุงุฒุงูุ",2018-08-27T17:36:07Z,828434,57187,2753
c9X3Jhj7TSU,https://i.ytimg.com/vi/c9X3Jhj7TSU/default.jpg,"5 ูุตุงุฏุฑ "" ูุฌุงููุฉ "" ุฃุณุชุฎุฏููู ูุชุญุณูู ูุบุชู ุงูุงูุฌููุฒูุฉ",2018-08-19T19:17:13Z,1587903,123279,3064
9v8_jhx7k7g,https://i.ytimg.com/vi/9v8_jhx7k7g/default.jpg,{Q&A} ูุง ูู ุงูุนุตุง ุงูุบููุธุฉ ุงูุชู ุชูุณูุนูู ุนูุฏ ุงููุณูุ,2018-08-10T16:00:55Z,251754,20189,1201
9lErabXEBVQ,https://i.ytimg.com/vi/9lErabXEBVQ/default.jpg,10 ุทุฑู ููุชุนุจูุฑ ุนู ุงูุดูุฑ ูู ุงูุงูุฌููุฒู ุฃูุถู ูู Thank you.,2018-08-03T13:20:10Z,294274,21867,1227
WO_ftsLifiQ,https://i.ytimg.com/vi/WO_ftsLifiQ/default.jpg,ููุงุฐุง ูุฎุงู ูู  ููุงุนุฏ ุงูุงูุฌููุฒูุ,2018-07-27T14:54:58Z,106209,8547,786
n_bu-COI0GY,https://i.ytimg.com/vi/n_bu-COI0GY/default.jpg,ููู ุชุณุชุบู ูุชุฑุฉ ุงูุฌุงูุนุฉ ุฃูุถู ุงุณุชุบูุงูุ,2018-07-24T18:23:55Z,345870,27000,1339
dTxY8rUrmbk,https://i.ytimg.com/vi/dTxY8rUrmbk/default.jpg,ุงูุตูุงุช ุงููุฑูุจุฉ ูู ุงูุงูุฌููุฒู Compound Adjectives,2018-07-20T16:00:03Z,190513,10964,656
kSZxXKdmA4M,https://i.ytimg.com/vi/kSZxXKdmA4M/default.jpg,ุงููููุณ ูุง ุชูุนุฏ ูู ุงูุงูุฌููุฒู !,2018-07-15T20:26:01Z,70345,5981,602
isGvGEtK5jM,https://i.ytimg.com/vi/isGvGEtK5jM/default.jpg,ุงููุฑู ุจูู too much ู too many ูู ุงูุงูุฌููุฒู,2018-07-08T17:44:18Z,179533,11209,878
iXdNp_Lqijw,https://i.ytimg.com/vi/iXdNp_Lqijw/default.jpg,YouTube Workshop ุฅุนูุงู ูุฑุดุฉ ุงูููุชููุจ,2018-07-02T17:58:30Z,61812,4656,589
niOOAFEcwH8,https://i.ytimg.com/vi/niOOAFEcwH8/default.jpg,ุ Do ู Be ูุชู ูุณุชุฎุฏู ููุง ูููู ูู ุงูุณุคุงู,2018-06-27T16:27:57Z,308575,18528,2111
5G-Piy5DHg8,https://i.ytimg.com/vi/5G-Piy5DHg8/default.jpg,"ุฏุฑูุณ ุงูููุงูู , ููุง ููู ู ุดุบุงููู ุนูู ุงููุ",2018-06-18T19:57:02Z,88717,7988,822
idccye12-TM,https://i.ytimg.com/vi/idccye12-TM/default.jpg,ุฑุณุงูู ูููู ูุฃูููุงุก ุฃููุฑ ุทูุงุจ ุงูุซุงูููุฉ ุงูุนุงูุฉ,2018-06-04T22:08:59Z,100219,10708,1156
6tTGaNZf6ZY,https://i.ytimg.com/vi/6tTGaNZf6ZY/default.jpg,ุงููุฐุงูุฑุฉ ูู ุฑูุถุงู,2018-05-22T20:51:42Z,2096387,183377,11397
bf_QWk2ifNY,https://i.ytimg.com/vi/bf_QWk2ifNY/default.jpg,3 ุงุฎุชุตุงุฑุงุช ูุชุญุณูู ุงููุทู ูู ุงููุบุฉ ุงูุงูุฌููุฒูุฉ,2018-05-19T23:12:32Z,1192218,78392,2001
Gsg0-1Kic7E,https://i.ytimg.com/vi/Gsg0-1Kic7E/default.jpg,ููู ุชุณุฃู ุณุคุงูุงู ูู ุงููุบุฉ ุงูุฅูุฌููุฒูุฉุ,2018-05-13T17:15:00Z,746626,35489,1284
y3vGmZ17MNU,https://i.ytimg.com/vi/y3vGmZ17MNU/default.jpg,ุฃูุถู ูุงููุฑุง ููุจุฏุก ุนูู ููุชููุจ 2020 ๐ฅ,2018-05-05T18:59:20Z,700783,33916,1888
vnQnqMn4QuI,https://i.ytimg.com/vi/vnQnqMn4QuI/default.jpg,"ููู ุชุชุฐูุฑ ูู ูุง ุชุฐุงูุฑู ุ "" Mnemonics """,2018-04-25T16:04:43Z,1313906,106591,3308
9fdK3fUt5vA,https://i.ytimg.com/vi/9fdK3fUt5vA/default.jpg,"ุงุฒุงู ุชููู  "" ูุงูููู ุจุนุถ "" ุจุงูุงูุฌููุฒู  { NEW IDIOMS }",2018-04-14T16:51:10Z,90093,6713,670
R7gPSHAzGcE,https://i.ytimg.com/vi/R7gPSHAzGcE/default.jpg,"ุงูููุฑูุถ ุชุชูุฑุฌ ุนูู ุงูููุฏูู ุฏุง "" You are supposed to """,2018-04-07T15:30:00Z,180913,19018,943
Tn6h4jSz06U,https://i.ytimg.com/vi/Tn6h4jSz06U/default.jpg,ุฏุฑุน ุงูููููู ๐ฑ,2018-04-04T15:24:33Z,129308,12505,1526
HyQA2YZ-HU0,https://i.ytimg.com/vi/HyQA2YZ-HU0/default.jpg,ุฃุดูุฑ 5 ุทุฑู ูููุตุญ ูู ุงูุงูุฌููุฒู,2018-03-31T15:46:44Z,196792,13569,852
UcTXAsF_GHg,https://i.ytimg.com/vi/UcTXAsF_GHg/default.jpg,"ููู ุชููู "" ุฅูุดู ุนูู ูุฏู "" ุจุงูุงูุฌููุฒูุฉ ( idioms )",2018-03-23T18:53:11Z,95178,8244,715
Sl0BJR7lMoU,https://i.ytimg.com/vi/Sl0BJR7lMoU/default.jpg,ุดุฑุญ Had better ู ุงุณุชุฎุฏุงูุงุชูุง ูู ุงูุงูุฌููุฒู,2018-03-16T16:55:12Z,145794,10969,687
SsnGevphX6Q,https://i.ytimg.com/vi/SsnGevphX6Q/default.jpg,ุชูุณูู ุงูุฃูุนุงู ูู ุงููุบุฉ ุงูุฅูุฌููุฒูุฉ,2018-03-09T16:32:36Z,679291,28532,1091
qiYDYsPslrc,https://i.ytimg.com/vi/qiYDYsPslrc/default.jpg,ูุง ุชุฐุงูุฑ ุฃูุซุฑ ูู ูขูฅ ุฏููููโฐ| ุชูููุฉ ุงูุจูููุฏูุฑู Pomodoro Technique,2018-03-05T18:05:09Z,1421751,119950,4238
A8X_6U-ebIQ,https://i.ytimg.com/vi/A8X_6U-ebIQ/default.jpg,ุงูุญุงูุงุช ุงูุดุงุฐู ููู Question Tag ูู ุงูุงูุฌููุฒู,2018-03-02T11:52:22Z,310249,18858,869
unG79zPqY1c,https://i.ytimg.com/vi/unG79zPqY1c/default.jpg,"ุดุฑุญ ุงูู Question Tag , ุงูุณุคุงู ุงููุฐูู ูู ุงูุงูุฌููุฒู",2018-02-24T21:45:21Z,751174,38313,2960
AXH184bvBeM,https://i.ytimg.com/vi/AXH184bvBeM/default.jpg,ุฃุฏุงุฉ ูุจุชูุฑุฉ ููุดููุฉ ูุณูุงู ูููุงุช ุงูุงูุฌููุฒู ๐,2018-02-16T11:30:00Z,386618,30949,1523
CNlj-uAiqmA,https://i.ytimg.com/vi/CNlj-uAiqmA/default.jpg,5 ูุตุงุฆุญ ููุชุฑููุฒ ุงููุทูู ุฃุซูุงุก ุงููุฐุงูุฑุฉ,2018-02-12T15:00:01Z,9905603,538035,16907
am8FYasBwdo,https://i.ytimg.com/vi/am8FYasBwdo/default.jpg,ูุงูู!,2018-02-09T13:02:41Z,56042,2375,631
ti0zSc6WrzI,https://i.ytimg.com/vi/ti0zSc6WrzI/default_live.jpg,ููุฏูู ุงูุฌูุนุฉ ุฏู ุบุฑูุจ ุดููุชูู ๐ด,2018-02-09T12:47:24Z,0,209,0
UOYc6EqlGvg,https://i.ytimg.com/vi/UOYc6EqlGvg/default.jpg,5 Phrasal verbs ุฎุงุตูู ุจุงูููุงุจุณ,2018-02-02T11:59:22Z,112033,9270,618
1_sXTUAgN4o,https://i.ytimg.com/vi/1_sXTUAgN4o/default.jpg,( ุฌูู ุฃูุงู ) Giveaway ุจูููุฉ 2000 $,2018-01-26T11:06:49Z,82178,7177,740
DT0DbsyAh3U,https://i.ytimg.com/vi/DT0DbsyAh3U/default.jpg,5 ุงุฎุชุตุงุฑุงุช ูุดููุฑุฉ ูู ุงููุบุฉ ุงูุงูุฌููุฒูุฉ ู ูุนุงูููุง [ 2 ],2018-01-19T12:31:04Z,159181,12220,798
WAnkNo1WUiQ,https://i.ytimg.com/vi/WAnkNo1WUiQ/default.jpg,"5 ุงุฎุชุตุงุฑุงุช ูุดููุฑุฉ ูู ุงููุบุฉ ุงูุงูุฌููุฒูุฉ ู ูุนุงูููุงASAP, FYI,RIP,BTW,etc.",2018-01-12T11:49:10Z,324926,22670,1374
h28cKijKjuA,https://i.ytimg.com/vi/h28cKijKjuA/default.jpg,"Q&A ""1"" ุจุชููุด ูุงู ูู ููุชููุจ ุ",2018-01-03T14:19:35Z,367122,23515,1365
laJFpGEjwqU,https://i.ytimg.com/vi/laJFpGEjwqU/default.jpg,ูุชู ูุณุชุฎุฏู ุงูู Apostrophe ุ,2017-12-29T12:00:33Z,367982,20887,1065
dJDu0yzrxAk,https://i.ytimg.com/vi/dJDu0yzrxAk/default.jpg,ููุชููุจ ููุง ููุณุจูู ุ ุฃูููุง ุฃูุถู ููุดุฑ ููุฏูููุงุชู !ุ ๐ฅ,2017-12-25T10:03:07Z,142884,12642,1143
_g4Uu9o2oPQ,https://i.ytimg.com/vi/_g4Uu9o2oPQ/default.jpg,5 ูุนุงูู ูุฎุชููู ููุนู Break ูู ุงููุบู ุงูุงูุฌููุฒูู,2017-12-22T14:50:48Z,550439,30621,1191
WyKA27SR9AQ,https://i.ytimg.com/vi/WyKA27SR9AQ/default.jpg,ููู ุชุชุนูู ุงููุบุฉ ุงูุงูุฌููุฒูุฉ ุฃูููุงูู ุฃูุถูุ,2017-12-15T11:12:40Z,157491,12362,794
JW4XC8FPWcU,https://i.ytimg.com/vi/JW4XC8FPWcU/default.jpg,10 ูุนุงูู ูุฎุชููู ููุนู Look,2017-12-08T18:20:24Z,797775,36847,1348
3ltKIDUJ2nQ,https://i.ytimg.com/vi/3ltKIDUJ2nQ/default.jpg,"ุงุฒุงู ุชุนุฏู ุงูุงูุชุฑููู"" interview "" ุจูุฌุงุญ ๐ผ",2017-12-01T12:29:41Z,952423,40341,956
XYCRz5w6VSE,https://i.ytimg.com/vi/XYCRz5w6VSE/default.jpg,ูู ูุงููุฑุง ุงููุงุชู ุชุชููู ุนูู ูุงููุฑุง ุงุญุชุฑุงููู DSLR ุ,2017-11-23T11:08:28Z,182477,8555,633
SzGkvpsuUSY,https://i.ytimg.com/vi/SzGkvpsuUSY/default.jpg,ุฃุดูุฑ 4 ุงุณุชุฎุฏุงูุงุช ูู Would,2017-11-17T11:02:53Z,393272,19528,835
Gy46eYYI5KA,https://i.ytimg.com/vi/Gy46eYYI5KA/default.jpg,ุชุนูู ุงููููุชุงุฌ ุจุจุฑูุงูุฌ ุจุฑูููุฑ Premiere ูู ุฃูู ูู ุณุงุนู,2017-11-10T10:53:37Z,7386998,347907,12028
kh3VLJYRZeo,https://i.ytimg.com/vi/kh3VLJYRZeo/default.jpg,ูุดููู ุงูุฎูู ูู ุงูุชุญุฏุซ ุจุงูุงูุฌููุฒูู ุฃูุงู ุงููุงุณ !,2017-11-06T15:08:44Z,174053,15525,1400
EtFg64ZK2I8,https://i.ytimg.com/vi/EtFg64ZK2I8/default.jpg,ุดุฑุญ Would rather ูู ุงููุบู ุงูุงูุฌููุฒูู,2017-11-04T08:53:57Z,172623,11190,649
NjI1ZnkgN8w,https://i.ytimg.com/vi/NjI1ZnkgN8w/default.jpg,ุงุนูุงู ุงููุงุฆุฒ ุจูุงููุฑุง Canon 700d ๐๐,2017-11-01T22:16:10Z,93708,7292,667
BWiu9HV0SQo,https://i.ytimg.com/vi/BWiu9HV0SQo/default.jpg,ุฃูู ุฌููู ูู ุงุณุชุฏูู ุฏุฑูุณ ุงูููุงูู ๐ฝ๐,2017-10-30T06:53:01Z,268169,17526,905
_2GkVTm2fgU,https://i.ytimg.com/vi/_2GkVTm2fgU/default.jpg,ููู ุชููุฑ ุจุงููุบู ุงูุงูุฌููุฒูู ุ,2017-10-27T10:56:09Z,275054,24127,1248
hMLlruDafbs,https://i.ytimg.com/vi/hMLlruDafbs/default.jpg,Giveaway ุจููุงุณุจุฉ ุงูููููู.,2017-10-21T17:31:56Z,136745,22238,32546
mnbXZQE5hJg,https://i.ytimg.com/vi/mnbXZQE5hJg/default.jpg,ุงููุฑู ุจูู ุงููุงุถู ุงูุจุณูุท ู ุงููุถุงุฑุน ุงูุชุงู,2017-10-13T13:37:31Z,744422,33658,1359
XkGb4TiQ-RU,https://i.ytimg.com/vi/XkGb4TiQ-RU/default.jpg,ุฏูููุชู ุชูุฏุฑ ุชุฏุนููุง ูุงุฏูุง,2017-10-09T15:47:55Z,69625,6132,494
rwS-rq6A-7A,https://i.ytimg.com/vi/rwS-rq6A-7A/default.jpg,ูู ุญุงูุงุช Get ูู ุงููุบู ุงูุงูุฌููุฒูู,2017-10-06T10:55:06Z,831565,42455,1504
A7zCOOEBxhU,https://i.ytimg.com/vi/A7zCOOEBxhU/default.jpg,ููู ุชุฐุงูุฑ ุฃูู ู ุชุฐุงูุฑ ุจุฐูุงุก ุ,2017-09-22T08:57:56Z,10540202,559364,15139
Mz4OZYlknqs,https://i.ytimg.com/vi/Mz4OZYlknqs/default.jpg,ุงูุญููุฉ ุงูุฃุฎูุฑุฉ,2017-09-15T11:30:00Z,132847,9951,958
zFSGsbi7OwQ,https://i.ytimg.com/vi/zFSGsbi7OwQ/default.jpg,ููู ุงููุงุณ ุจุชูุชุจ ุชุนูููุงุช ุณูุจูู ุ ู ุงุฒุงู ุชุชุนุงูู ูุนุงููุ!!,2017-09-11T17:00:09Z,46288,4263,652
TTHyd17fGzw,https://i.ytimg.com/vi/TTHyd17fGzw/default.jpg,ุงูุญููู ( 24 ) ูู English Takeaway,2017-09-08T20:41:08Z,87088,5008,379
KS8Ko0PIKE4,https://i.ytimg.com/vi/KS8Ko0PIKE4/default.jpg,ุงูุญููู ( 23 ) ูู English Takeaway,2017-08-31T20:56:36Z,73830,4070,391
5CCfjARx-xk,https://i.ytimg.com/vi/5CCfjARx-xk/default.jpg,ุงูุญููู ( 22 ) ูู English Takeaway,2017-08-25T20:08:14Z,85705,4997,441
CcPyGUXHMag,https://i.ytimg.com/vi/CcPyGUXHMag/default.jpg,ุงูุญููู ( 21 ) ูู English Takeaway,2017-08-14T16:00:02Z,78011,3820,453
K49ZdiHqsAg,https://i.ytimg.com/vi/K49ZdiHqsAg/default.jpg,ุงูุญููู ( 20 ) ูู English Takeaway,2017-08-04T21:36:27Z,86955,4630,549
8EU-TZ-4RPI,https://i.ytimg.com/vi/8EU-TZ-4RPI/default.jpg,ุงูุญููู ( 19 ) ูู English Takeaway,2017-07-28T21:15:00Z,87569,4652,531
_0LxwEF4q38,https://i.ytimg.com/vi/_0LxwEF4q38/default.jpg,ุชุตุญูุญ ู ุชุนุฏูู ุงูุงููุงู Color correction ุจุจุฑูุงูุฌ premiere,2017-07-26T23:40:02Z,590437,25630,1004
-XK-Wc9hbnY,https://i.ytimg.com/vi/-XK-Wc9hbnY/default.jpg,Cambly  ุฃูุถู ุทุฑููุฉ ูููุงุฑุณุฉ ุงููุบู ุงูุงูุฌููุฒูู ูุน ุงูุฃุฌุงูุจ !,2017-07-24T17:11:33Z,470054,20455,1520
6eJKCvCegPU,https://i.ytimg.com/vi/6eJKCvCegPU/default.jpg,๐ด ุงูููุฏูู ุงููู ุฌุงู ููู ุฌุฏุงุงุงุงุงุงุงุงุง,2017-07-21T18:37:23Z,53148,3573,370
x7TdDuys3EY,https://i.ytimg.com/vi/x7TdDuys3EY/default.jpg,"ุนูููุง ููุงู ุฌุฏูุฏ , ูุง ุชุฑู ุนู ุฅูู !!ุุ",2017-07-19T15:51:53Z,81226,5897,721
V36928YLOR8,https://i.ytimg.com/vi/V36928YLOR8/default.jpg,ุงูุญููู ( 18 ) English Takeaway,2017-07-16T21:36:56Z,95582,6088,776
_sdBe6wfK_M,https://i.ytimg.com/vi/_sdBe6wfK_M/default.jpg,ูููููููููู ูุจุฑูู ููู ุฌุงุจ 50%  ุฃู 60% ูู ุงูุซุงูููู ุงูุนุงูู !!,2017-07-13T08:00:03Z,1090087,62222,3820
y5YPNgN-5NY,https://i.ytimg.com/vi/y5YPNgN-5NY/default.jpg,ุฃุฏุฎู ูููุฉ ุฅูู.... ุุ! ูุน ุญุงุฒู ุงูุตุฏูู,2017-07-10T22:02:18Z,439810,24450,1019
a7U5_MmZw2E,https://i.ytimg.com/vi/a7U5_MmZw2E/default.jpg,5 idioms ุฌุฏุงุฏ( Bite off more than you can chew ),2017-07-08T18:51:21Z,66471,5144,446
njPLHfivy9o,https://i.ytimg.com/vi/njPLHfivy9o/default.jpg,"ุฃุฎูุฑุงุงุงุงุง , ุฏุฑูุณ ุงูุงูุฌููุฒู ุจุงูุชุฑุชูุจ ๐ค",2017-07-03T16:36:50Z,1914394,56942,2078
K1hWUMxKqDc,https://i.ytimg.com/vi/K1hWUMxKqDc/default.jpg,ููููุฉ ุชุณุฌูู ุตูุช ุจุฌูุฏู ุนุงููู ุนูู ูุงุชูู ุงููุญููู ุ!,2017-06-30T14:28:25Z,1464649,70439,2263
1g5CM7gNgGw,https://i.ytimg.com/vi/1g5CM7gNgGw/default.jpg,ููุงุฆู - ุฃุญูุฏ ุฃุจูุฒูุฏ -  ูุงููุงู ุนูู ููุงุฉ ุณูุงู ูููุฒ Sky news,2017-06-28T16:47:42Z,319776,24376,1481
LVeHmL_uYLI,https://i.ytimg.com/vi/LVeHmL_uYLI/default.jpg,ุฌุงูู ูุฏูู !,2017-06-19T21:05:50Z,95657,6470,491
7-vIBQ8OMvM,https://i.ytimg.com/vi/7-vIBQ8OMvM/default.jpg,ููููู ุณูุณูุฉ  English Takeaway ุงูุชู ุุุ,2017-06-17T11:28:53Z,37337,3749,574
Rtf6LM-jKWQ,https://i.ytimg.com/vi/Rtf6LM-jKWQ/default.jpg,ุงูุญููู ( 17) English Takeaway,2017-06-12T22:14:16Z,87241,4492,573
Wd3XIK2Lc2s,https://i.ytimg.com/vi/Wd3XIK2Lc2s/default.jpg,ุงูุญููู ( 16) English Takeaway,2017-06-11T19:30:00Z,75574,3656,409
o64q3FqF284,https://i.ytimg.com/vi/o64q3FqF284/default.jpg,ุงูุญููู ( 15) English Takeaway,2017-06-10T22:20:11Z,80062,4114,360
LjhQj39BT6E,https://i.ytimg.com/vi/LjhQj39BT6E/default.jpg,ุงูุญููู ( 14) English Takeaway,2017-06-09T19:30:00Z,77864,3807,352
Qx2brHwhluA,https://i.ytimg.com/vi/Qx2brHwhluA/default.jpg,ุงูุญููู (13) English Takeaway,2017-06-08T19:57:59Z,81744,4111,417
LU59quAr_Ww,https://i.ytimg.com/vi/LU59quAr_Ww/default.jpg,ุงูุญููู (12 ) English Takeaway,2017-06-07T20:37:57Z,85821,4205,435
ymZ-QTRbJXg,https://i.ytimg.com/vi/ymZ-QTRbJXg/default.jpg,ุงูุญููู (11 ) English Takeaway,2017-06-06T19:58:21Z,97568,4817,587
1Bszm2R0ec0,https://i.ytimg.com/vi/1Bszm2R0ec0/default.jpg,ุงูุญููู ( 10 ) English Takeaway,2017-06-05T23:33:18Z,102770,5120,549
-BQWaE8oHh8,https://i.ytimg.com/vi/-BQWaE8oHh8/default.jpg,ุงูุญููู ( 9 ) English Takeaway,2017-06-04T19:30:01Z,111538,5543,712
xzVkoferTzQ,https://i.ytimg.com/vi/xzVkoferTzQ/default.jpg,ุงูุญููู ( 8 ) English Takeaway,2017-06-03T23:45:59Z,125035,5852,697
sfDHZBOUrVI,https://i.ytimg.com/vi/sfDHZBOUrVI/default.jpg,ุงูุญููู ( 7 ) English Takeaway,2017-06-02T20:20:10Z,134190,6493,963
Zf9VslaHen4,https://i.ytimg.com/vi/Zf9VslaHen4/default.jpg,ุงูุญููู ( 6 ) English Takeaway,2017-06-01T19:00:04Z,151117,7233,861
REvF78UEd6E,https://i.ytimg.com/vi/REvF78UEd6E/default.jpg,ุงูุญููู ( 5 ) English Takeaway,2017-05-31T19:30:00Z,175116,8445,1149
jz2m1-LBI6o,https://i.ytimg.com/vi/jz2m1-LBI6o/default.jpg,ุงูุญููู ( 4 ) English Takeaway,2017-05-30T20:00:02Z,206555,10294,1174
iicmtBnwsrg,https://i.ytimg.com/vi/iicmtBnwsrg/default.jpg,ุงูุญููู ( 3 ) English Takeaway,2017-05-29T21:26:00Z,256706,12180,2097
lmR3UqTUvTQ,https://i.ytimg.com/vi/lmR3UqTUvTQ/default.jpg,ุงูุญููู ( 2 ) English Takeaway,2017-05-28T20:00:02Z,386643,24600,3673
iAv744NmTfo,https://i.ytimg.com/vi/iAv744NmTfo/default.jpg,ุงูุญููู ( 1 ) English Takeaway,2017-05-27T20:00:04Z,987462,47451,6352
VcekKzxeUFc,https://i.ytimg.com/vi/VcekKzxeUFc/default.jpg,ููุนูู ุจุฑูุงูุฌ ูู ุฑูุถุงู !,2017-05-26T11:30:00Z,62323,5521,447
yRwiX9dnc4c,https://i.ytimg.com/vi/yRwiX9dnc4c/default.jpg,ููู ุชุตูุฑ ููุฏูููุงุช ุจุฌูุฏุฉ ููุชุงุฒู ุจุงูููุจุงูู ุ,2017-05-23T22:17:40Z,2818006,154093,6535
8DeoenZZ8kc,https://i.ytimg.com/vi/8DeoenZZ8kc/default.jpg,[ Vlog ] ุฅูููุช ููุชููุจ ูู ูุตุฑ,2017-05-21T04:21:06Z,59891,3590,221
xroMn_XpjGY,https://i.ytimg.com/vi/xroMn_XpjGY/default.jpg,ุดุฑุญ 5 idioms ุฌุฏุงุฏ ูู ุงููุบู ุงูุงูุฌููุฒูู ( 7 ),2017-05-19T11:30:01Z,119236,6473,372
xMi4OGRToE8,https://i.ytimg.com/vi/xMi4OGRToE8/default.jpg,ุญู ูุดุงูู ุงููุณู ูุงูุชูุชุฑ ูุน ูุฑุจ ุงูุงูุชุญุงูุงุช .,2017-05-17T12:13:16Z,977452,67263,2388
7imlnbpbPe4,https://i.ytimg.com/vi/7imlnbpbPe4/default.jpg,ุญุงุฌู ุตุนุจู ุฌุฏุงุงุงุงุงุงุง [ Vlog ],2017-05-15T16:31:38Z,94071,4686,340
RKfotQ1kMv0,https://i.ytimg.com/vi/RKfotQ1kMv0/default.jpg,ูุง ุงููุงููุฑุง ุงูุชู ุชุญุชุงุฌูุง ููุจุฏุก ุนูู ููุชููุจ ุ!,2017-05-14T16:50:26Z,403040,22482,701
TeAOcWorbOQ,https://i.ytimg.com/vi/TeAOcWorbOQ/default.jpg,ุงููุฑู ุจูู have been ู has been ู had been ูู ุงููุบู ุงูุงูุฌููุฒูู,2017-05-12T12:05:50Z,1844085,65148,1993
jDcO9lyE7jc,https://i.ytimg.com/vi/jDcO9lyE7jc/default.jpg,"ูู ูุง ุฐุงูุฑุชุด ุทูู ุงูุณูู, ุชุนูู ุงููุ",2017-05-09T10:35:21Z,1424063,87769,3577
a7Pr9rvmn4M,https://i.ytimg.com/vi/a7Pr9rvmn4M/default.jpg,[Vlog] ููุฑุณ ุนุดุงู ุงูุฎูู ูู ุงูููุงู ูุฏุงู ุงููุงุณ,2017-05-07T17:49:22Z,379707,19665,502
qqM_g36IE1g,https://i.ytimg.com/vi/qqM_g36IE1g/default.jpg,ุทุฑููู ุฑุงุงุงุงุงุฆุนู ูุชุญุณูู ูุบุชู ุงูุงูุฌููุฒูู ูู ุฎูุงู ุชุทุจูู TED,2017-05-05T18:52:05Z,835244,31839,830
x1j8KIwR8Ts,https://i.ytimg.com/vi/x1j8KIwR8Ts/default.jpg,"ููุงู ููู ุฌุฏุงุงุงุงุงุงุงู ูููุงุณ ุงููู ูู ุซุงูููู ุนุงูู ูู "" ูุฑูู ุงุณูุงุนูู""",2017-05-02T18:31:50Z,539046,34551,1068
nxBFUwkCENQ,https://i.ytimg.com/vi/nxBFUwkCENQ/default.jpg,"ููู ุชุณุฃู ุณุคุงู ุฅุฌุงุจุชู "" ูุนู "" ุฃู "" ูุง "" ูู ุงูุงูุฌููุฒู Yes or No Questions",2017-04-28T11:23:59Z,562935,19356,819
9e_N0D9_EI0,https://i.ytimg.com/vi/9e_N0D9_EI0/default.jpg,ุดุฑุญ Where ู When ูู Relative adverbs,2017-04-23T19:12:04Z,474041,18887,743
1Pyre0vKjEs,https://i.ytimg.com/vi/1Pyre0vKjEs/default.jpg,(ูููุตุฑููู ููุท) ุญู ูุดููุฉ limit ุงูู 50 ุฏููุงุฑ ูู ุงูุชุนุงูู ูุงูุดุฑุงุก ุนูู ุงูุงูุชุฑูุช,2017-04-18T11:09:37Z,70288,3779,279
ib_FBVObvQ8,https://i.ytimg.com/vi/ib_FBVObvQ8/default.jpg,ุดุฑุญ Whose ู whom ูู ุงููุบู ุงูุงูุฌููุฒูู,2017-04-14T11:42:28Z,1041879,43357,3124
NRdXf48tqTI,https://i.ytimg.com/vi/NRdXf48tqTI/default.jpg,ุฅุฒุงู ุจุดุชุฑู ูู ุงูุงุฒูู ูุงูุญุงุฌู ุชูุตููู ูุญุฏ ุงูุจูุช ุ!,2017-04-12T00:38:45Z,363136,16176,724
nxR4QBThPS0,https://i.ytimg.com/vi/nxR4QBThPS0/default.jpg,ุดุฑุญ 5 idioms ุฌุฏุงุฏ ูู ุงููุบู ุงูุงูุฌููุฒูู ( 6 ),2017-04-07T21:55:32Z,127162,6830,380
qOwV9wEfGiE,https://i.ytimg.com/vi/qOwV9wEfGiE/default.jpg,"ุดุฑุญ ุถูุงุฆุฑ ุงููุตู ูู ุงููุบู ุงูุงูุฌููุฒูู ( Who , Which , That )",2017-03-31T12:01:19Z,2322757,89988,3834
mB7ZMt2STNs,https://i.ytimg.com/vi/mB7ZMt2STNs/default.jpg,ูุฑุงุฌุนุฉ ุฑูุงูุฉ ( ูููู ูู ุฌููู - ููุฒู ุงุจู ุฎุทูู ) ูุญุณู ุงูุฌูุฏู,2017-03-28T10:56:14Z,59201,3357,287
86P-dGvN1Lo,https://i.ytimg.com/vi/86P-dGvN1Lo/default.jpg,ุญู ุนูุฏุฉ ุงููููู ุงู ุงูู Accent ูู ุงููุบู ุงูุงูุฌููุฒูู,2017-03-24T11:29:40Z,425680,24135,1940
InLsH4B5B0Y,https://i.ytimg.com/vi/InLsH4B5B0Y/default.jpg,ุชุฌุฑุจุชู ูุน ุฃูุงุฒูู Amazon ุงููุญุชุฑููู ุฃููููููููููููู,2017-03-21T03:01:19Z,430100,18672,1163
csbyP0P9neI,https://i.ytimg.com/vi/csbyP0P9neI/default.jpg,"in, on, under, in front of , behind , next to , betweenุดุฑุญ ุญุฑูู ุงูุฌุฑ",2017-03-19T12:44:23Z,325513,10610,454
zRJryzD3o7I,https://i.ytimg.com/vi/zRJryzD3o7I/default.jpg,ุนูุงู ู ุจูุณูุฑูุจ,2017-03-16T23:42:16Z,36724,3019,590
5ZWElSluLCU,https://i.ytimg.com/vi/5ZWElSluLCU/default.jpg,ูุฑุงุฌุนุฉ ูุชุงุจ Steve Jobs : The man who thought different,2017-03-15T02:37:54Z,142403,13298,995
xRuW3rNgLAI,https://i.ytimg.com/vi/xRuW3rNgLAI/default.jpg,ุดูุฑุง ููุณุจูู....ุจุณ ุนูู ุงููุุุุ,2017-03-13T13:35:59Z,49400,3169,236
Chrcr7h2zZk,https://i.ytimg.com/vi/Chrcr7h2zZk/default.jpg,ุดุฑุญ 5 idioms ุฌุฏุงุฏ ูู ุงููุบู ุงูุงูุฌููุฒูู ( 5 ),2017-03-10T12:12:25Z,131931,7182,415
rg_tmD0waLk,https://i.ytimg.com/vi/rg_tmD0waLk/default.jpg,ุดุฆ ููู ุฌุฏุงุงุงุง ูุงุฒู ุชุนููู ูู ุงููุชุฑู ุงููู ูุจู ุงูุงูุชุญุงูุงุช !,2017-03-08T03:04:56Z,1453747,89312,3551
py5-Ht3iNSo,https://i.ytimg.com/vi/py5-Ht3iNSo/default.jpg,ุดุฑุญ ุงููุฑู ุจูู have ู have got ูู ุงูุงูุฌููุฒู,2017-03-03T17:05:38Z,608999,23617,796
7stVKjcBeo4,https://i.ytimg.com/vi/7stVKjcBeo4/default.jpg,ุดุฑุญ Since ู For | ุงููุฑู ุจูู ุงููุถุงุฑุน ุงูุชุงู ูุงููุถุงุฑุน ุงูุชุงู ุงููุณุชูุฑ !,2017-02-24T12:30:56Z,1545897,63031,3072
QkqSwjsYneI,https://i.ytimg.com/vi/QkqSwjsYneI/default.jpg,ุดุฑุญ Me neither ู I didn't either ู Neither do I ูู ุงููุบู ุงูุฅูุฌููุฒูู,2017-02-17T20:35:11Z,302805,13839,719
UNTvyXDatYo,https://i.ytimg.com/vi/UNTvyXDatYo/default.jpg,ุฅุชูุณู ุจุฑุฃูู - ุฎูู ุฏูุงุบู ุฌุฒูู ูุฏููู !,2017-02-16T06:48:57Z,67272,5621,392
_i8KiPaQyz8,https://i.ytimg.com/vi/_i8KiPaQyz8/default.jpg,ููู ูุฏูุช ุฅูู ุฑูุญุช ูุนุฑุถ ุงููุชุงุจุ | ุฅูู ุงููุชุจ ุงููู ุงุดุชุฑูุชูุงุ ( ูููุฌ ),2017-02-14T23:22:36Z,200811,10855,797
8vmQZlbirok,https://i.ytimg.com/vi/8vmQZlbirok/default_live.jpg,โซุฏุฑูุณ ุฃูููุงููโฌโ Live Stream,2017-02-14T14:59:44Z,0,3,0
SMdXVlr48tc,https://i.ytimg.com/vi/SMdXVlr48tc/default.jpg,๐ดููู ูููุด ููุฏูู ุงูููุงุฑุฏุง ุ!ุ,2017-02-10T12:50:45Z,45864,3244,692
txgKCBtkW28,https://i.ytimg.com/vi/txgKCBtkW28/default.jpg,ุดุฑุญ Either or ู Neither nor ูู ุงููุบู ุงูุงูุฌููุฒูู,2017-02-04T14:09:43Z,785936,36181,1335
XqrP-E17psQ,https://i.ytimg.com/vi/XqrP-E17psQ/default.jpg,ูุตุฉ ุงููุฑู ุงูุงุตูุฑ ุงูู ูุฑุงูุง ูุฅูู ุงููู ููุชูุจ ุนููู  ุ,2017-01-31T00:05:56Z,175510,8734,503
yPQRQl4SAm4,https://i.ytimg.com/vi/yPQRQl4SAm4/default.jpg,"ููู ุชููู "" ูููุง "" ูู ุงููุบู ุงูุงูุฌููุฒูู ( ....If it hadn't been for )",2017-01-27T17:30:10Z,223545,11049,1386
WU--AoUAiv8,https://i.ytimg.com/vi/WU--AoUAiv8/default.jpg,ูููููู ูุงุฒู ุชุดูููู ูู ุงูุช ูู ุซุงูููู ุนุงูู ุงู ูู ุงููููู !,2017-01-24T22:11:00Z,1854795,97570,3462
mkaK82P0yhc,https://i.ytimg.com/vi/mkaK82P0yhc/default.jpg,ุดุฑุญ ุงูุชููู ุงู ( I wish ) ูู ุงููุบู ุงูุงูุฌููุฒูู.,2017-01-20T16:12:41Z,1082577,42079,1932
wy1iDmwf-JM,https://i.ytimg.com/vi/wy1iDmwf-JM/default.jpg,ุฅุณุฃููู #3 ูู ูุฏูุช ุนูู ูุฑุงุฑ ุชุฑู ุงูููุฏุณู ุ | ุงูุฌุงุจูุงุช ู ุณูุจูุงุช ุงูุนูู ูู ุงูุจูุชุ,2017-01-18T03:06:12Z,56851,3060,288
86EJD3u09fM,https://i.ytimg.com/vi/86EJD3u09fM/default.jpg,ุดุฑุญ 5 idioms ุฌุฏุงุฏ ูู ุงููุบู ุงูุงูุฌููุฒูู ( 4 ),2017-01-13T11:46:28Z,167595,9410,680
3YAmKgcWsR8,https://i.ytimg.com/vi/3YAmKgcWsR8/default.jpg,ููู ุชูุชุดู ุฃูุถู ุทุฑููู ูููุฐุงูุฑู ุจุงููุณุจู ูู ุ,2017-01-10T16:44:40Z,1669215,115859,5927
UtlDc0-D5nE,https://i.ytimg.com/vi/UtlDc0-D5nE/default.jpg,"ุตูุงุช ูุถูุงุฆุฑ ุงูููููู ูู ุงููุบู ุงูุงูุฌููุฒูู ( My , Mine , Her , Hers...etc )",2017-01-06T13:10:45Z,1393269,51049,2091
QUivJXDW_t4,https://i.ytimg.com/vi/QUivJXDW_t4/default.jpg,ุทุฑููุฉ ูุฐุงูุฑุชู ูู ุงูุซุงูููู ุงูุนุงูู !,2017-01-03T12:49:40Z,3176375,175488,6120
IZXwgq4zIGo,https://i.ytimg.com/vi/IZXwgq4zIGo/default.jpg,"ุญุฑูู ุงูุฌุฑ ูู ุงููุบู ุงูุงูุฌููุฒูู ( for , with , about )",2016-12-30T13:38:24Z,658321,24338,961
g39tsyymACM,https://i.ytimg.com/vi/g39tsyymACM/default.jpg,"ูููุฌ ุงูุงูููุช ,  ููู ุจููุฑู ุงูุงูุฌููุฒู ุ",2016-12-27T07:48:54Z,42543,3088,437
AwfJUJNPtoU,https://i.ytimg.com/vi/AwfJUJNPtoU/default.jpg,ููุงุฌุฃุงุงุงุงู ุงููุนุฏุงุช ุงูุฌุฏูุฏู ูุตูุช (  Canon lens 10-18 - Joby gorillapod - Rod mic go  ),2016-12-25T23:08:50Z,67247,4058,402
xiynLwwIW6o,https://i.ytimg.com/vi/xiynLwwIW6o/default.jpg,ุดุฑุญ 5 idioms ุฌุฏุงุฏ ูู ุงููุบู ุงูุงูุฌููุฒูู ( 3 ),2016-12-23T11:01:06Z,211074,10667,442
SNtLkadD5n8,https://i.ytimg.com/vi/SNtLkadD5n8/default.jpg,ุญูููุฉ ุงูุซุงูููู ุงูุนุงูู !,2016-12-20T21:03:45Z,306687,19091,671
3X93F6lPCLM,https://i.ytimg.com/vi/3X93F6lPCLM/default.jpg,"Although , Though , Even though , Despite , In spite of ุดุฑุญ ุงูุฑูุงุจุท ูู ุงููุบู ุงูุงูุฌููุฒูู",2016-12-16T13:35:54Z,1847508,81847,2914
P9iUvYqlaqg,https://i.ytimg.com/vi/P9iUvYqlaqg/default.jpg,ุฃูุง ุณุจุช ุงูุดุบู !,2016-12-13T19:12:32Z,562537,36049,4693
y-zB-fusZFI,https://i.ytimg.com/vi/y-zB-fusZFI/default.jpg,"ุดุฑุญ Many , Much , few , little , a lot of , some ูู ุงููุบู ุงูุงูุฌููุฒูู",2016-12-10T14:31:17Z,2471874,93949,4066
MuKP_siCEWg,https://i.ytimg.com/vi/MuKP_siCEWg/default.jpg,ุงููุชุงุจ ุงููู ุบูุฑ ุญูุงุชู ูู ุงูุซุงูููุฉ ุงูุนุงูุฉ,2016-12-06T16:21:23Z,539820,32494,957
X_y_1NTABBM,https://i.ytimg.com/vi/X_y_1NTABBM/default.jpg,ุดุฑุญ ุงุณุชุฎุฏุงูุงุช too ูู ุงููุบู ุงูุงูุฌููุฒูู,2016-12-03T15:10:54Z,319002,13062,640
l8shnvOZWJI,https://i.ytimg.com/vi/l8shnvOZWJI/default.jpg,ููููุฉ ุชุดุบูู ุงูุชุฑุฌูู ุนูู ููุฏูููุงุช ููุชููุจ ุนูู ุงูููุจุงูู ุงู ุงูุณูุงุฑุช ููู,2016-11-29T18:05:06Z,908643,19656,1103
g_ll3QgKhKw,https://i.ytimg.com/vi/g_ll3QgKhKw/default.jpg,ุดุฑุญ ุงูู Phrasal verbs ูู ุงููุบู ุงูุงูุฌููุฒูู | ุฃุดูุฑ 10 Phrasal verbs,2016-11-25T13:04:21Z,1176546,39285,1215
1fDgOGtwibk,https://i.ytimg.com/vi/1fDgOGtwibk/default.jpg,ุดุฑุญ 5 idioms ุฌุฏุงุฏ ูู ุงููุบู ุงูุงูุฌููุฒูู ( 2 ),2016-11-18T14:42:12Z,364133,18785,765
vy_RNJv7HKk,https://i.ytimg.com/vi/vy_RNJv7HKk/default.jpg,ุฏุฑุน ููุชููุจ | ุงูุดุฎุต ุงููุฌููู ุงููู ูุฑุง ุฏุฑูุณ ุงูููุงูู !!ุ,2016-11-15T15:39:26Z,207254,16884,1572
romzD_PMUOM,https://i.ytimg.com/vi/romzD_PMUOM/default.jpg,ุดุฑุญ Unless ูู ุงููุบู ุงูุงูุฌููุฒูู ูุฃูุซูู ุนูููุง,2016-11-11T12:17:10Z,596577,23128,1811
EvdaMmsZmTc,https://i.ytimg.com/vi/EvdaMmsZmTc/default.jpg,ุฅูููุช ููุณุจูู ููู Video Creators  ูู ูุตุฑ,2016-11-08T18:11:16Z,57035,2225,109
gt2r2Xu8cm8,https://i.ytimg.com/vi/gt2r2Xu8cm8/default.jpg,ููู ุชุญุณู ูุบุชู ุงูุงูุฌููุฒูู ูู ุฎูุงู ููุฏูููุงุช TED ุ,2016-11-04T11:30:17Z,946177,43185,1258
_un-mV9kjGQ,https://i.ytimg.com/vi/_un-mV9kjGQ/default.jpg,ูุง ูู ุงูู idioms ุ | ุฃุดูุฑ 10 idioms   ูู ุงููุบู ุงูุงูุฌููุฒูู !ุ,2016-10-28T12:00:07Z,1508279,78361,2884
Q4IUsRn4vMg,https://i.ytimg.com/vi/Q4IUsRn4vMg/default.jpg,ุฃูุถู ุทุฑููู ูููุฐุงูุฑู ูู ุงูุซุงูููู ุงูุนุงูู ูุงููููู .!ุ,2016-10-21T11:21:54Z,975258,55091,2401
4ACbTB9A5PM,https://i.ytimg.com/vi/4ACbTB9A5PM/default.jpg,"ุดุฑุญ ุญุฑูู ุงูุฌุฑ ( of , from ) ูู ุงููุบู ุงูุงูุฌููุฒูู",2016-10-14T12:08:26Z,1048198,39099,1559
-BS3AOf-q8w,https://i.ytimg.com/vi/-BS3AOf-q8w/default.jpg,ููู ุชุชุนูู ุงูุงูุฌููุฒู ูู ูุดุงูุฏุฉ ุงูุงููุงู ุงูุงุฌูุจู!!ุุ,2016-10-07T12:26:57Z,591526,23251,859
Rs-UA2jOry0,https://i.ytimg.com/vi/Rs-UA2jOry0/default.jpg,ุตูุงุช ุงูููุงุฑูู ูู ุงููุบู ุงูุงูุฌููุฒูู,2016-09-30T11:45:30Z,2293359,91589,5260
jbKuoUjg69A,https://i.ytimg.com/vi/jbKuoUjg69A/default.jpg,"ุญุฑูู ุงูุฌุฑ ูู ุงููุบู ุงูุงูุฌููุฒูู ( in , on , at , by )",2016-09-23T11:21:51Z,3821580,125179,4791
AicJpVJGlwI,https://i.ytimg.com/vi/AicJpVJGlwI/default.jpg,ููู ุชุจุฏุฃ ุชุนูู ุงููุบู ุงูุงูุฌููุฒูู ูู ุงูุตูุฑ ุ!!,2016-09-16T12:08:24Z,1010158,40336,1956
P21qn9n3zCE,https://i.ytimg.com/vi/P21qn9n3zCE/default.jpg,"ุดุฑุญ This , That , These , Those ูู ุงููุบู ุงูุงูุฌููุฒูู",2016-09-09T22:11:31Z,1512844,61266,2450
uuOyvaUUDsQ,https://i.ytimg.com/vi/uuOyvaUUDsQ/default.jpg,ูุตุชู ูุน ุงูุงูุฌููุฒู | ุงูููุช ุงููุงูู ูุชุนูู ูุฅุชูุงู ุงููุบู ุงูุงูุฌููุฒูู ุ!,2016-09-02T11:31:48Z,1483284,73411,2990
RphqYnCdy7Q,https://i.ytimg.com/vi/RphqYnCdy7Q/default.jpg,ุดุฑุญ Should have | would have | could have ูู ุงููุบู ุงูุงูุฌููุฒูู,2016-08-26T12:13:29Z,1583292,43985,1988
HUSaLWmEHXk,https://i.ytimg.com/vi/HUSaLWmEHXk/default.jpg,12 - ุดุฑุญ ุฒูู ุงููุงุถู ุงูุชุงู ุงููุณุชูุฑ Past Perfect Continuous,2016-08-19T12:01:52Z,1401826,51703,1673
34RgPXmh-vc,https://i.ytimg.com/vi/34RgPXmh-vc/default.jpg,11- ุดุฑุญ ุฒูู ุงููุณุชูุจู ุงูุชุงู ุงููุณุชูุฑ Future Perfect Continuous,2016-08-12T12:51:24Z,759367,24030,768
aLlqLVuBgHQ,https://i.ytimg.com/vi/aLlqLVuBgHQ/default.jpg,ุงุณุฃููู # 2 | ูู  ุณุฃุชุฑู ุงูููุฏุณู ูุงุดุชุบู ูู ููุชููุจ ุ,2016-08-05T11:30:05Z,30021,1657,221
sdnXHx0_9-4,https://i.ytimg.com/vi/sdnXHx0_9-4/default.jpg,ุดุฑุญ ุงููุฑู ุจูู Used to | Be used to | Get used to ูู ุงููุบู ุงูุงูุฌููุฒูู,2016-07-29T11:10:18Z,1178949,47831,1875
Uu-u3gBSHzA,https://i.ytimg.com/vi/Uu-u3gBSHzA/default.jpg,10- ุดุฑุญ ุฒูู ุงููุณุชูุจู ุงูุชุงู Future Perfect,2016-07-22T11:47:01Z,1291783,45324,1263
8rrbrucTJHA,https://i.ytimg.com/vi/8rrbrucTJHA/default.jpg,"ุดุฑุญ ( a , an , the ) ูู ุงููุบู ุงูุงูุฌููุฒูู",2016-07-15T12:04:13Z,3023040,120617,4411
zIj_V8Q5ejw,https://i.ytimg.com/vi/zIj_V8Q5ejw/default.jpg,ุงุณุฃููู # 1  ููู ุชุนููุช ุงููุบู ุงูุงูุฌููุฒูู !!ุุุ,2016-07-08T11:46:41Z,104370,4012,273
kd6Ej07zdec,https://i.ytimg.com/vi/kd6Ej07zdec/default.jpg,ุงููุฑู ุจูู Learn ู Teach ูู ุงููุบู ุงูุงูุฌููุฒูู,2016-07-01T13:56:13Z,152658,6370,260
5w-XKzRvAsI,https://i.ytimg.com/vi/5w-XKzRvAsI/default.jpg,ุงููุนู ุงููุณุงุนุฏ ( have ) ูู ุงููุบู ุงูุงูุฌููุฒูู,2016-06-24T11:45:01Z,726299,22234,648
ATSAl7vrOgA,https://i.ytimg.com/vi/ATSAl7vrOgA/default.jpg,ุงููุนู ุงููุณุงุนุฏ ( do ) ูู ุงููุบู ุงูุงูุฌููุฒูู,2016-06-17T11:37:14Z,845931,26936,893
BX83e-ZbbdM,https://i.ytimg.com/vi/BX83e-ZbbdM/default.jpg,ููู ุฏุฑูุณ ุงูููุงูู ูุฑุญุงููู !!ุุุ,2016-06-10T11:31:38Z,59402,2318,273
WQkHHVEcSHU,https://i.ytimg.com/vi/WQkHHVEcSHU/default.jpg,ุงููุจุงุดุฑ ูุงูุบูุฑ ูุจุงุดุฑ ูู ุงูุงูุฌููุฒู ุงู ุงูููุงู ุงูููููู Reported Speech | Direct and indirect,2016-05-27T13:41:46Z,3012266,122282,5532
96o_7QBU9qY,https://i.ytimg.com/vi/96o_7QBU9qY/default.jpg,ุงููุนู ุงููุณุงุนุฏ ( be ) ูู ุงููุบู ุงูุงูุฌููุฒูู,2016-05-20T12:01:47Z,1027721,31734,731
AdWa7qXxTsU,https://i.ytimg.com/vi/AdWa7qXxTsU/default.jpg,ุงูุงูุนุงู ุงููุณุงุนุฏู ูู ุงููุบู ุงูุงูุฌููุฒูู  ( be - do - have ),2016-05-14T18:07:54Z,1647649,56431,1306
ffJr9CG3k2k,https://i.ytimg.com/vi/ffJr9CG3k2k/default.jpg,ุดุฑุญ ุงููุจูู ูููุฌููู ุฃู ุงูู Passive ุจุงููุงูู ูู ุงููุบู ุงูุงูุฌููุฒูู,2016-05-07T18:54:43Z,2956581,119896,6169
5PaARzNmO_c,https://i.ytimg.com/vi/5PaARzNmO_c/default.jpg,ููู ููุฑู ุจูู ุญุฑู ุงูู B ู ุงูู P ูู ุงููุทู ูู ุงููุบู ุงูุงูุฌููุฒูู !,2016-04-29T11:12:01Z,417247,18140,568
K3GgrmUNqIc,https://i.ytimg.com/vi/K3GgrmUNqIc/default.jpg,ูุชู ููุทู ุญุฑู ุงูู C ูุฃูู K ููุชู ููุทูู ููุง ูู C ูู ุงููุบู ุงูุงูุฌููุฒูู !ุ,2016-04-22T12:36:18Z,726343,41121,1244
Z7RI8Nl7vmI,https://i.ytimg.com/vi/Z7RI8Nl7vmI/default.jpg,ุงููุฑู ุจูู Want ู Need ูู ุงููุบู ุงูุงูุฌููุฒูู,2016-04-15T11:56:22Z,380331,14545,537
2EptvhLbLEU,https://i.ytimg.com/vi/2EptvhLbLEU/default.jpg,9- ุดุฑุญ ุฒูู ุงููุถุงุฑุน ุงูุชุงู ุงููุณุชูุฑ Present Perfect Continuous,2016-04-08T13:08:37Z,2588641,105340,3677
cfYSzcZSw3U,https://i.ytimg.com/vi/cfYSzcZSw3U/default.jpg,8- ุดุฑุญ ุฒูู ุงููุถุงุฑุน ุงูุชุงู ูู ุงููุบู ุงูุงูุฌููุฒูู Present Perfect,2016-04-01T16:33:29Z,5589101,226153,8630
8QehpHhgN04,https://i.ytimg.com/vi/8QehpHhgN04/default.jpg,7- ุดุฑุญ ุฒูู ุงููุงุถู ุงูุชุงู ูู ุงููุบู ุงูุงูุฌููุฒูู Past Perfect,2016-03-25T11:13:13Z,3574452,136533,5607
Q2Vkhcvq9uw,https://i.ytimg.com/vi/Q2Vkhcvq9uw/default.jpg,6- ุดุฑุญ ุฒูู ุงููุณุชูุจู ุงููุณุชูุฑ ูู ุงููุบู ุงูุงูุฌููุฒูู Future Continuous Tense,2016-02-22T12:45:37Z,1760298,69556,1908
oBzkMfEXj1s,https://i.ytimg.com/vi/oBzkMfEXj1s/default.jpg,5- ุดุฑุญ ุฒูู ุงููุงุถู ุงููุณุชูุฑ ูู ุงููุบู ุงูุงูุฌููุฒูู Past Continuous tense,2016-02-05T23:47:08Z,4279672,163708,6572
ZqQG54yds-Y,https://i.ytimg.com/vi/ZqQG54yds-Y/default.jpg,4- ุดุฑุญ ุฒูู ุงููุถุงุฑุน ุงููุณุชูุฑ ูู ุงููุบู ุงูุงูุฌููุฒูู present continuous tense,2016-01-29T11:41:19Z,4813112,171543,4947
TDh-m2xLyg8,https://i.ytimg.com/vi/TDh-m2xLyg8/default.jpg,3- ุดุฑุญ ุฒูู ุงููุณุชูุจู ุงูุจุณูุท ูู ุงููุบู ุงูุงูุฌููุฒูู Future Simple Tense,2016-01-24T11:18:29Z,3860575,160802,5848
5TjpEcrNbCc,https://i.ytimg.com/vi/5TjpEcrNbCc/default.jpg,2- ุดุฑุญ ุฒูู ุงููุงุถู ุงูุจุณูุท  Past Simple Tense,2016-01-16T19:23:31Z,7848958,304109,11798
rlbFDiuwlF0,https://i.ytimg.com/vi/rlbFDiuwlF0/default.jpg,1- ุดุฑุญ ุฒูู ุงููุถุงุฑุน ุงูุจุณูุท  Present Simple,2016-01-11T13:56:41Z,12523606,521833,22428
FBJOCSuXZIE,https://i.ytimg.com/vi/FBJOCSuXZIE/default.jpg,ููู ุชุญุชุฑู ุงููุชุงุจู ุนูู ุงูุตูุฑ ูู ุงูููุชูุดูุจ,2015-12-18T15:29:35Z,468374,9310,343
glQvd8A7ie4,https://i.ytimg.com/vi/glQvd8A7ie4/default.jpg,ููููุฉ ุนูู ุชุตูููุงุช ุงุญุชุฑุงููู ุจุงูููุชูุดูุจ,2015-12-10T19:57:02Z,484427,11738,389
hwbNoYrfPEo,https://i.ytimg.com/vi/hwbNoYrfPEo/default.jpg,ุฅุฒุงู ุฌูุฌู ุนุงุฑู ูู ุญุงุฌุฉุ!,2015-12-03T16:52:17Z,146800,7219,233
CDgyMT9bEwE,https://i.ytimg.com/vi/CDgyMT9bEwE/default.jpg,ููููุฉ ุนูู ุชุฃุซูุฑ ุงููููุจ ุงูุตุบูุฑ ุจุงูููุชูุดูุจ Tiny planet Effect,2015-12-01T10:28:43Z,59520,1831,69
YLgIajZ_QEQ,https://i.ytimg.com/vi/YLgIajZ_QEQ/default.jpg,ุฃูู ุชุฐูุจ ุงููููุงุช ุงููุญุฐููู ูู ุงูููุจููุชุฑ ุุ!!!,2015-11-14T11:12:29Z,228845,7429,425
3yBK_an3aDA,https://i.ytimg.com/vi/3yBK_an3aDA/default.jpg,ุชุนูู ุญุงูุงุช iF ูู ุงููุบู ุงูุงูุฌููุฒูู ุจุทุฑููู ุณููู ุฌุฏุง,2015-11-08T12:06:01Z,5105469,175474,9020
6aycYAFLB5k,https://i.ytimg.com/vi/6aycYAFLB5k/default.jpg,ุฃุณูู ุทุฑููู ูุชุนูู ูุงุชูุงู ููุงุนุฏ ุงููุบู ุงูุงูุฌููุฒูู ูู 6 ุงูุงู ููุท,2015-10-13T17:40:42Z,6412703,258782,20196
i-KEpmUlMNU,https://i.ytimg.com/vi/i-KEpmUlMNU/default.jpg,ุฃุณูู ุทุฑููู ูุญูุธ ูุงูุชุณุงุจ ูููุงุช ุฌุฏูุฏู ูู ุงููุบู ุงูุงูุฌููุฒูู,2015-10-13T17:40:30Z,4279496,154121,3760
IUgA--KgtMc,https://i.ytimg.com/vi/IUgA--KgtMc/default.jpg,ููู ุชุนูู ููุณู ุงููุบู ุงูุงูุฌููุฒูู  ูุชุชููููุง ุจุทูุงูู,2015-10-13T17:40:23Z,8507224,269083,6228
PbXY5ojE0sU,https://i.ytimg.com/vi/PbXY5ojE0sU/default.jpg,ุฃุณูู ุทุฑููู ูุนูู ุชุฃุซูุฑ ุงููDouble Exposure ุจุงูููุชูุดูุจ,2015-09-01T18:24:56Z,232359,7822,245
1kpKEVZyEjE,https://i.ytimg.com/vi/1kpKEVZyEjE/default.jpg,ููููุฉ ุนูู ุชุฃุซูุฑ ุงูู Back Light ุจุงูููุชูุดูุจ ุจูู ุณูููู,2015-08-28T18:57:31Z,110235,2731,89
vpyfZMz9cVU,https://i.ytimg.com/vi/vpyfZMz9cVU/default.jpg,ููู ุชูุชุจ ุจุทุฑููุฉ ุงุญุชุฑุงููุฉ ูู ุงูุงูุชุฑ ุงููุช,2015-07-11T18:21:39Z,6185,104,9
oVqPEISPjY0,https://i.ytimg.com/vi/oVqPEISPjY0/default.jpg,ููููุฉ ุนูู ุงูุนุฒู ุฃู Depth of field ุจุงุณุชุฎุฏุงู ููุชูุดูุจ,2015-07-02T21:55:15Z,298535,7860,203
GT5jbnYC63c,https://i.ytimg.com/vi/GT5jbnYC63c/default.jpg,ุญุฑูุฉ ุงูุจุงู ุชุดุงุฑุช ุงู ุงููุณุจุฉ ุงููุฆููุฉ -After effect - Motion Graphics,2015-06-25T04:19:39Z,29378,608,26
15oUta90rG8,https://i.ytimg.com/vi/15oUta90rG8/default.jpg,ุชุนููู ููุชูุดูุจ ูู 90 ุฏูููู ููุท,2015-06-22T15:54:56Z,6327903,167017,5687
qpyC2lSJ93g,https://i.ytimg.com/vi/qpyC2lSJ93g/default.jpg,ุดุฑุญ ูุจุณุท ููู HTML ู CSS ูููู ุชุชุนูููู ูู ุฃูุตุฑ ููุช ูููู ุ,2015-05-14T16:11:03Z,793541,39035,779
Cw_4Sh5KQgg,https://i.ytimg.com/vi/Cw_4Sh5KQgg/default.jpg,4 ูุตุงุฆุญ ูููู ุนูุฏ ุงุฎุชูุงุฑ ุงุณู ูููุนู ุงู ุงููDomain Name,2015-05-09T11:05:06Z,49009,2104,49
RZQnrTD-ALQ,https://i.ytimg.com/vi/RZQnrTD-ALQ/default.jpg,10 ูุตุงุฆุญ ูููู ูุจู ุดุฑุงุก ูุงููุฑุง ุจุฑูููุดููุงู DSLR,2015-05-05T17:10:21Z,604766,23132,808
DuPT2za4AqY,https://i.ytimg.com/vi/DuPT2za4AqY/default.jpg,ุฃููู ุฃูุถู ููููุนู Blogger ุฃู Wordpress ุงู Joomla ุ,2015-05-02T19:00:37Z,159290,7070,267
Wce8pcrGk-0,https://i.ytimg.com/vi/Wce8pcrGk-0/default.jpg,ุงููุฑู ุจูู Photoshop ู illustrator,2015-04-30T20:35:44Z,256224,14842,332
gQFtjCvVtGg,https://i.ytimg.com/vi/gQFtjCvVtGg/default.jpg,ููู ุชุจูู ูููุนู ุจููุณู,2015-04-28T17:28:36Z,106023,4363,161
PiF8h6iIps0,https://i.ytimg.com/vi/PiF8h6iIps0/default.jpg,ููู ุชุญุฐู ููุฑูุณุงุช ุงูุงุนูุงูุงุช ุงููุฒุนุฌู,2015-04-26T19:13:21Z,463602,6603,310
lWAaLQlRiPk,https://i.ytimg.com/vi/lWAaLQlRiPk/default.jpg,ููู ุชุตูู ุชุฃุซูุฑ ุฑุงุฆุน ุนูู ุงููุชุงุจู ูุซู ุงูุฐู ูู ุงูุตูุฑู ุจูู ุณูููู,2015-02-15T18:06:26Z,93626,2535,142
2IpyATAuN0Y,https://i.ytimg.com/vi/2IpyATAuN0Y/default.jpg,ุชุฃุซูุฑ ุงููุชุงุจู ุนูู ุตูุฑู ูุถุจุจู ุจุงูููุชูุดูุจ,2015-02-07T18:09:23Z,48160,892,85
hIw9EwO2Aks,https://i.ytimg.com/vi/hIw9EwO2Aks/default.jpg,ููููุฉ ุนูู Render ูู ุจุฑูุงูุฌ  After Effects,2015-02-01T16:18:59Z,53359,925,32
OfuTfWZ4c7o,https://i.ytimg.com/vi/OfuTfWZ4c7o/default.jpg,ุญูู ุฑุณูุฉ ุจูุชู 3D ูุงูุฑุดู ุจูุงูู ุงูุงุซุงุซ ูุน ูุฐุง ุงูุจุฑูุงูุฌ ุงูุฑุงุฆุน (3),2015-02-01T15:23:10Z,443377,6459,210
ZW9_ksqrfBA,https://i.ytimg.com/vi/ZW9_ksqrfBA/default.jpg,ุญูู ุฑุณูุฉ ุจูุชู 3D ูุงูุฑุดู ุจูุงูู ุงูุงุซุงุซ ูุน ูุฐุง ุงูุจุฑูุงูุฌ ุงูุฑุงุฆุน (2),2015-01-30T18:48:48Z,241342,4425,93
wM-GfuCvzg4,https://i.ytimg.com/vi/wM-GfuCvzg4/default.jpg,ุญูู ุฑุณูุฉ ุจูุชู 3D ูุงูุฑุดู ุจูุงูู ุงูุงุซุงุซ ูุน ูุฐุง ุงูุจุฑูุงูุฌ ุงูุฑุงุฆุน (1),2015-01-30T11:34:53Z,768607,16282,378
f2IbdL6BIHI,https://i.ytimg.com/vi/f2IbdL6BIHI/default.jpg,ุงูุชุญููู ูู ุงูุชูุฑูุช ุจุงุณุชุฎุฏุงู ุจุฑูุงูุฌ IDM,2014-12-15T17:58:36Z,4697,120,6
6HL9F-5XKOw,https://i.ytimg.com/vi/6HL9F-5XKOw/default.jpg,ุชุบูุฑ ุฎูููุฉ ุงูููุฏูู ุนู ุทุฑูู ุฅุฒุงูุฉ ุงูุดุงุดุฉ ุงูุฎุถุฑุงุก ุฃู ุงููุฑููุง ุจุจุฑูุงูุฌ After Effects,2014-12-11T14:43:49Z,190392,4839,186
hJXdx9IoMoo,https://i.ytimg.com/vi/hJXdx9IoMoo/default.jpg,ุชุนูู ุทุฑููุฉ ุนูู Effects  ุฑุงุฆุนู ุจุจุฑูุงูุฌ After Effects,2014-12-08T17:57:31Z,35584,904,17
UqhiwJAT2T4,https://i.ytimg.com/vi/UqhiwJAT2T4/default.jpg,ุดุฑุญ ููู ุชุนูู ุงููKeyFrames ูู ุจุฑูุงูุฌ After Effects,2014-12-07T14:55:32Z,31018,1047,31
0wazAFNqtcc,https://i.ytimg.com/vi/0wazAFNqtcc/default.jpg,ุงูุชุนุฑู ุนูู ูุงุฌูุฉ ุงูุจุฑูุงูุฌ ุงูุฑุงุฆุน After Effects,2014-12-06T13:06:03Z,55120,1513,34
YpPpc53kHpQ,https://i.ytimg.com/vi/YpPpc53kHpQ/default.jpg,ููุฏูู ุถุฑูุฑูู ูุชุนูู ุจุฑูุงูุฌ ุฃูุชุฑุงูููุช,2014-12-05T13:42:06Z,149234,2811,93
vkyyjdrj7ng,https://i.ytimg.com/vi/vkyyjdrj7ng/default.jpg,ููู ุชุชููู ุฅูุฌููุฒู ูุฃูู ููููุฏ ูู ุฃูุฑููุง,2014-11-17T19:20:41Z,590599,17734,596
1XGmHymPu9g,https://i.ytimg.com/vi/1XGmHymPu9g/default.jpg,ููู ุชููู ุฅุดุงุฑุฉ ุงููWifi ูุซูุงุซ ุฃุถุนุงู ุจุทุฑููู ุณููู ุฌุฏุงู,2014-11-15T04:13:45Z,485764,5283,205
yOnwfcssOJU,https://i.ytimg.com/vi/yOnwfcssOJU/default.jpg,ุญู ูุดููุฉ ุฏุฎูู ุงููุงุจุชูุจ ูู ุญุงูุฉ ุงูููู Sleep ุนูุฏ ุชุฑูู ูุชุญููู ูููุงุช ูุจูุฑู,2014-11-13T18:43:40Z,15148,320,19
vGONTTlIxUg,https://i.ytimg.com/vi/vGONTTlIxUg/default.jpg,"ุชููู ุงูุงูุฌููุฒูู ุจุฏูู ููุฑุณุงุช , ุจุฏูู ูุตุงุฑูู ูุจุทุฑููู ููุชุนู",2014-11-05T19:45:11Z,434507,17298,453
_PviUbuXodM,https://i.ytimg.com/vi/_PviUbuXodM/default.jpg,ุชุฌุฑุจุชู ูุน ุดุฑูุฉ ุงุฏูุนูู Edfa3ly,2014-10-31T12:51:05Z,106456,2188,177
V4g_c_zgFyU,https://i.ytimg.com/vi/V4g_c_zgFyU/default.jpg,ุชูุจูุฑ ุงูุฏูุงุบ ุจุทุฑููู ูุถุญูู ุจุงุณุชุฎุฏุงู ุงูููุชูุดูุจ,2014-10-14T18:01:57Z,27138,636,16
aP0Sa8W54TI,https://i.ytimg.com/vi/aP0Sa8W54TI/default.jpg,ูุง ุงูุฌุฏูุฏ ูู ููุฏูุฒ 10 ุ,2014-10-04T13:39:53Z,3970,141,7
eNeRMx2gCvA,https://i.ytimg.com/vi/eNeRMx2gCvA/default.jpg,ุญูุธ ุงูุตูุฑู ุจุฏูู ุงูุฎูููู ุงูุจูุถุงุก,2014-10-01T19:12:29Z,139042,2498,94
a1kwFUrzgiI,https://i.ytimg.com/vi/a1kwFUrzgiI/default.jpg,ูุถูุญุฉ ุงูุชุนููู ูู ูุตุฑ,2014-09-25T17:27:44Z,32463,1566,114
fsHjY9PStjQ,https://i.ytimg.com/vi/fsHjY9PStjQ/default.jpg,ุญู ูุดููุฉ ุชุฃุฎุฑ ุณู ุงูุฒูุงุฌ ูู 3 ุฏูุงุฆู,2014-09-12T17:33:42Z,215709,1519,176
eCvt_iihEjE,https://i.ytimg.com/vi/eCvt_iihEjE/default.jpg,ุฅุฒุงูุฉ ุงููุบูุดู ูุชุญุณูู ุฌูุฏุฉ ุฃู ููุฏูู,2014-09-02T15:08:34Z,376236,5132,188
XIY8wCVO5QQ,https://i.ytimg.com/vi/XIY8wCVO5QQ/default.jpg,ุญู ูุดููุฉ ุนุฏู ุธููุฑ ุนูุงูุฉ ุงูุชุญููู idm ูู ูููุน ููุชููุจ,2014-08-22T20:01:59Z,5897,158,4
itP60lhjOBc,https://i.ytimg.com/vi/itP60lhjOBc/default.jpg,ุงููุฑู ุจูู ููุฏูุฒ 32 ุจุช ู 64 ุจุช,2014-08-21T21:34:53Z,212993,7041,245
qnn7N_WKjZw,https://i.ytimg.com/vi/qnn7N_WKjZw/default.jpg,ูููุจุฉ ุงูุฅุฎุชูุงุก ( ูู ุชุตุฏู ุนูููู ),2014-08-20T14:49:43Z,19338,526,77
qqGbYLik20A,https://i.ytimg.com/vi/qqGbYLik20A/default.jpg,ุฅุฒุงู ุชุนูู ููุฒุง ููุดุฑุงุก ูู ุงูุงูุชุฑูุช ูู ูุตุฑ !!!,2014-08-16T03:49:10Z,158172,6700,796
WQ6rNbIaKUM,https://i.ytimg.com/vi/WQ6rNbIaKUM/default.jpg,ุชุนูู ููููุฉ ุนูู ุงูู Dragan Effect ุจุฅุณุชุฎุฏุงู ุงูููุชูุดูุจ,2014-08-13T04:18:45Z,47569,1280,22
c2eLeYL8dLg,https://i.ytimg.com/vi/c2eLeYL8dLg/default.jpg,ุชุญููู ุงูููุฏูู ุงูุฃููุงู ุงูู ููุฏูู ุฃุจูุถ ู ุฃุณูุฏ,2014-07-12T13:04:59Z,33870,392,27
sOxfixasrEo,https://i.ytimg.com/vi/sOxfixasrEo/default.jpg,ุชุนูู ุฅุฒุงู ุชุญุฐู ุงูุตูุช ูู ุฃู ููุฏูู ูุชุณุจุฏูู ุจูู ุณูููู,2014-07-10T19:27:26Z,17086,376,15
P_je4qOJW34,https://i.ytimg.com/vi/P_je4qOJW34/default.jpg,ููููุฉ ุฏูุฌ ุฃูุซุฑ ูู ููุฏูู ูุนุง,2014-07-09T19:28:39Z,26013,422,22
pQRTjEnPxKs,https://i.ytimg.com/vi/pQRTjEnPxKs/default.jpg,ุชุนูู ููููุฉ ุชุญููู ุฃู ุตูุฑู ุงูู ุตูุฑู ูุดุชุนูู ุจุงูููุชูุดูุจ,2014-02-19T09:02:23Z,172068,2267,153
OXgEe7DRkz0,https://i.ytimg.com/vi/OXgEe7DRkz0/default.jpg,ุบูุฑ ุฎูููู ุฃู ุตูุฑู ุจูู ุจุณุงุทู ุจุงูููุชูุดูุจ,2014-01-25T20:54:30Z,51069,712,36
jfhD4HnE8o4,https://i.ytimg.com/vi/jfhD4HnE8o4/default.jpg,ููููุฉ ุนูู ูุงูุจ ุฎุงุต ุจู ููุชุตูุญ ุฌูุฌู ูุฑูู ุจูู ุณูููู,2013-09-27T14:23:48Z,8414,170,11
m4zoqgE3QEU,https://i.ytimg.com/vi/m4zoqgE3QEU/default.jpg,5 ุฃุฏูุงุช  ุฑุงุฆุนู ููููุฏู ูู ุงูููุฏูุฒ ููููู ูุง ุชุนุฑููุง,2013-09-27T13:48:08Z,5819,162,12
C4O9Lvg2tKc,https://i.ytimg.com/vi/C4O9Lvg2tKc/default.jpg,ุชุฑุฌู ุฃู ููู ุฃู ูุณูุณู ูู ุงูู ูู 3 ุซูุงูู ูุจุฏูู ุงูุฏุฎูู ุนูู ุงูุงูุชุฑูุช,2013-09-23T12:08:39Z,43647,548,49
xxwRObjDIMY,https://i.ytimg.com/vi/xxwRObjDIMY/default.jpg,ููููุฉ ุนูู ุงูุซุฑ ูู ุตูุญุฉ ุจุฏุงูู ุงู homepage ูู ุงููุชุตูุญ ููุฑูููุณ,2013-09-02T17:27:42Z,2696,51,14
cogqzkNKFTs,https://i.ytimg.com/vi/cogqzkNKFTs/default.jpg,ููููุฉ ุงุฒุงูู ุงูุฎูููู ุงูุจูุถุงุก ูู ุงู ุตูุฑู ุจุงุณุชุฎุฏุงู ุงูููุชูุดูุจ,2013-08-25T14:07:16Z,161047,2278,90
-G1VfxDSD8A,https://i.ytimg.com/vi/-G1VfxDSD8A/default.jpg,ุชุญููู ุงู ุตูุฑู ูุฃููุง ูุฑุณููู ุจููู ุฑุตุงุต,2013-08-22T06:00:09Z,23069,509,11
1fvmRvLCT5c,https://i.ytimg.com/vi/1fvmRvLCT5c/default.jpg,ููู ุชุญุงูุธ ุนูู ูุณุฎุฉ ุงูููุฏูุฒ ุฃุทูู ูุชุฑู ููููู ูุจููุณ ุงูููุงุกูุ,2013-08-12T02:40:43Z,6657,215,6
mh_kOF710sg,https://i.ytimg.com/vi/mh_kOF710sg/default.jpg,"ุฃุนุฑู ูู ุดุฆ ุนู ุงู ูููุน "" ุณุนุฑ ุงููููุน,ุนุฏุฏ ุงูุฒูุงุฑ,ูู ููุณุจ ุดูุฑูุง """,2013-08-10T22:23:16Z,30259,625,16
SkKQdkVf_zg,https://i.ytimg.com/vi/SkKQdkVf_zg/default.jpg,"2- ุงูุฎุทูู ุงูุซุงููู ูุจูุงุก ูููุนู ุจููุณู "" ุงุฎุชูุงุฑ ููุตู ูุงุฏุงุฑุฉ ุงููููุน""",2013-08-04T23:44:54Z,9941,357,11
M05GMY6zC5w,https://i.ytimg.com/vi/M05GMY6zC5w/default.jpg,ููู ุชุจูู ูููุนู ุจููุณู - ุงูุฎุทูู ุงูุงููู,2013-08-01T21:43:42Z,15856,664,14
LkBH0QRrENw,https://i.ytimg.com/vi/LkBH0QRrENw/default.jpg,ุบูู ุงูููุงูุน ุงูุงุจุงุญูู ุจุฏูู ุจุฑุงูุฌ,2013-06-27T20:48:50Z,8721,341,14
XxhzJ9fwReI,https://i.ytimg.com/vi/XxhzJ9fwReI/default.jpg,"ุงููุฑู ุจูู ุงููุฏููู ูุงููููุน ,ูุงูููุง ุงูุถู ููุ",2013-06-16T15:00:36Z,45119,1678,58
xplXg3gg654,https://i.ytimg.com/vi/xplXg3gg654/default.jpg,"website and blog, what's the difference and which one is better?",2013-06-16T13:42:56Z,8440,196,21
hQLpd0GRWgM,https://i.ytimg.com/vi/hQLpd0GRWgM/default.jpg,ุชุญุณูู ุงูุงุถุงุกู ูู ุงูุตูุฑ ุจุทุฑููู ุณููู ุฌุฏุงุง-ุฏุฑูุณ ุงูููุงูู-,2013-03-17T19:03:04Z,13206,286,5
OcfXjYDhERg,https://i.ytimg.com/vi/OcfXjYDhERg/default.jpg,ุชุบููุฑ ูุณุงุญุงุช ุงูุจุงุฑุชุดู ูู ุบูุฑ ููุฑูุงุช-ุฏุฑูุณ ุงูููุงูู-,2013-03-05T15:58:37Z,2960,90,4
nWUJgizAOak,https://i.ytimg.com/vi/nWUJgizAOak/default.jpg,ุชุนูู ููููู ุชุญููู ุงู ุตูุฑู ูุฃูุงุชุงุฑ -ุฏุฑูุณ ุงูููุงูู-,2013-02-28T20:11:13Z,39681,639,40
G9gmER1gACM,https://i.ytimg.com/vi/G9gmER1gACM/default.jpg,ุงุชุนูู ุงุฒุงู ุชุดูู ุงุญูุฑุงุฑ ุงูุนูู ูู ุงูุตูุฑ ุงูููููู,2013-02-23T12:32:34Z,11890,303,12
q2H2PwRcd6Y,https://i.ytimg.com/vi/q2H2PwRcd6Y/default.jpg,ุงุชุนูู ุงุฒุงู ุชุนูู ููููุณ ููููุณุจูู -ุฏุฑูุณ ุงูููุงูู-,2013-02-17T15:26:48Z,24997,346,40
hp0FhF37UhA,https://i.ytimg.com/vi/hp0FhF37UhA/default.jpg,ุงุชุนูู ุงุฒุงู ุชูุฑู ุชุฑุฌูู ูููู ูุด ูุชุฑุฌู-ุฏุฑูุณ ุงูููุงูู-,2013-02-15T13:35:54Z,6744,298,15
VVlAFRqGg2Y,https://i.ytimg.com/vi/VVlAFRqGg2Y/default.jpg,ุงุชุนูู ุงุฒุงู ุชุดูู ุงูููุด ูุญุจูุจ ุงูุดุจุงุจ ูุงูุจูุน  ุจุงูููุชูุดูุจ,2013-02-12T22:22:22Z,21663,385,13
QTnKV6W8lw4,https://i.ytimg.com/vi/QTnKV6W8lw4/default.jpg,ุงุชุนูู ุงูุชูุงุนุจ ูู ููุงูุญ ุงููุฌู ุจุทุฑููู ูุถุญูู ุจุงูููุชูุดูุจ,2013-02-11T21:57:17Z,11672,214,3
1vyCxIHDtZg,https://i.ytimg.com/vi/1vyCxIHDtZg/default.jpg,ุงุชุนูู ุงุฒุงู ุชููู ุตูุฑู ุงุจูุถ ูุงุณูุฏ,2013-02-10T17:01:38Z,31459,719,19
FRciYWWBT0Y,https://i.ytimg.com/vi/FRciYWWBT0Y/default.jpg,1-ุดุฑุญ ูุงุฌูุฉ ุจุฑูุงูุฌ ุงูููุชูุดูุจ (ุงุณุงุณูุงุช ุงูููุชูุดูุจ),2013-02-09T19:08:35Z,152410,3396,250
1QS_mMLZbTM,https://i.ytimg.com/vi/1QS_mMLZbTM/default.jpg,13- ููุฏูู ูู ุงูุทุจูุงุช layers(ุงุณุงุณูุงุช ุงูููุชูุดูุจ),2013-02-09T19:08:34Z,13805,314,16
7oQTUhAxP80,https://i.ytimg.com/vi/7oQTUhAxP80/default.jpg,ุชุนูู ุงุฒุงู ุชุนูู ุจุงุณูุฑุฏ ูุงู ููู ุนูุฏู ุจุงุณุชุฎุฏุงู winrar,2013-02-09T19:08:34Z,5255,247,7
8NYXM-lY9do,https://i.ytimg.com/vi/8NYXM-lY9do/default.jpg,17-ุงุถุงูุฉ ุชุฃุซูุฑุงุช ุฑุงุฆุนู ุนูู ุงููุชุงุจู(ุงุณุงุณูุงุช ุงูููุชูุดูุจ),2013-02-09T19:08:34Z,15693,330,12
DmaIZlcFW9o,https://i.ytimg.com/vi/DmaIZlcFW9o/default.jpg,8-  ุงูู ุญุตุงุฆุต ุงู selections ูุชูุทูุน ุงูุตูุฑ(ุงุณุงุณูุงุช ุงูููุชูุดูุจ),2013-02-09T19:08:34Z,16083,351,14
EJthtWp2u_Q,https://i.ytimg.com/vi/EJthtWp2u_Q/default.jpg,19-ุดุฑุญ ุฑูุนู ุงูlayer adjustments (ุงุณุงุณูุงุช ุงูููุชูุดูุจ),2013-02-09T19:08:34Z,18251,398,16
Eh-_mk3i2W4,https://i.ytimg.com/vi/Eh-_mk3i2W4/default.jpg,4 - ุงุถุงูุฉ ุงุทุงุฑ ุฑุงุฆุน ุญูู ุงูุตูุฑ ุจุจุณุงุทู (ุงุณุงุณูุงุช ุงูููุชูุดูุจ),2013-02-09T19:08:34Z,72339,766,19
IELApfIhlxs,https://i.ytimg.com/vi/IELApfIhlxs/default.jpg,ุชุนูู ุชุบูุฑ ููู ุงูุนููู ุจุงูููุชูุดูุจ,2013-02-09T19:08:34Z,23494,565,13
JDhHkI5WtP0,https://i.ytimg.com/vi/JDhHkI5WtP0/default.jpg,10-  ููููู ุชุบูุฑ ุฎูููุฉ ุตูุฑู ุจุจุณุงุทู (ุงุณุงุณูุงุช ุงูููุชูุดูุจ),2013-02-09T19:08:34Z,29175,421,27
NzMV6kHqoKU,https://i.ytimg.com/vi/NzMV6kHqoKU/default.jpg,18-ูุงูู ุงูblending modes (ุงุณุงุณูุงุช ุงูููุชูุดูุจ),2013-02-09T19:08:34Z,14037,280,8
OM5UGGOLgh8,https://i.ytimg.com/vi/OM5UGGOLgh8/default.jpg,5 - ุชุบูุฑ ุงุจุนุงุฏ ุงูุตูุฑู ูุชุฏููุฑูุง Transform (ุงุณุงุณูุงุช ุงูููุชูุดูุจ),2013-02-09T19:08:34Z,36571,545,18
P2FpIjUZNQ4,https://i.ytimg.com/vi/P2FpIjUZNQ4/default.jpg,ุชุนูู ุนูู ุชุฃุซูุฑ ูุฎูู ููุจุดุฑู ุจุงูููุชูุดูุจ,2013-02-09T19:08:34Z,334564,3763,215
P55BzPJlvZM,https://i.ytimg.com/vi/P55BzPJlvZM/default.jpg,ุญู ูุดููู ุธููุฑ ุงูุชุฑุฌูู ุจุงุดูุงู ุบุฑูุจู,2013-02-09T19:08:34Z,137009,1067,128
TS60Otck0wA,https://i.ytimg.com/vi/TS60Otck0wA/default.jpg,20-ุชุฃุซูุฑุงุช ุฑุงุฆุนู ุจุงุณุชุฎุฏุงู ุงูููุงุชุฑ (ุงุณุงุณูุงุช ุงูููุชูุดูุจ),2013-02-09T19:08:34Z,71345,666,50
U3fkga8VBdI,https://i.ytimg.com/vi/U3fkga8VBdI/default.jpg,14-ุฏูุฌ ูุญุฐู ุงูุทุจูุงุช layers(ุงุณุงุณูุงุช ุงูููุชูุดูุจ),2013-02-09T19:08:34Z,30493,463,11
Vu6DAhErUpQ,https://i.ytimg.com/vi/Vu6DAhErUpQ/default.jpg,11-  ุชูููู ุฑุงุฆุนู ูุชูุทูุน ุงูุตูุฑุจ quick mask(ุงุณุงุณูุงุช ุงูููุชูุดูุจ),2013-02-09T19:08:34Z,17438,330,6
Xxi40nEUVAw,https://i.ytimg.com/vi/Xxi40nEUVAw/default.jpg,6- ุชุงุซูุฑุงุช ุฑุงุฆุนู ุนูู ุงูุตูุฑ   (ุงุณุงุณูุงุช ุงูููุชูุดูุจ),2013-02-09T19:08:34Z,24459,449,11
aKwvF3j1KPY,https://i.ytimg.com/vi/aKwvF3j1KPY/default.jpg,9- ุชุงุจุน  ุญุตุงุฆุต ุงู selections ูุชูุทูุน ุงูุตูุฑ(ุงุณุงุณูุงุช ุงูููุชูุดูุจ),2013-02-09T19:08:34Z,13743,327,20
ee2GJeZoO1Q,https://i.ytimg.com/vi/ee2GJeZoO1Q/default.jpg,ุงุชุนูู ุงุฒุงู ุชุจูุถ ุงูุงุณูุงู ุจุงูููุชูุดูุจ,2013-02-09T19:08:34Z,108526,1283,68
eew7wmirDXE,https://i.ytimg.com/vi/eew7wmirDXE/default.jpg,21-ุชูุจูุฑ ุงูุนุถูุงุช ุจููุชุฑ liquify (ุงุณุงุณูุงุช ุงูููุชูุดูุจ),2013-02-09T19:08:34Z,104330,860,96
jaZh4zvX31w,https://i.ytimg.com/vi/jaZh4zvX31w/default.jpg,7-  ุชูุทูุน ุงูุงุดูุงู ุงูููุชุธูู ูู ุงูุตูุฑ(ุงุณุงุณูุงุช ุงูููุชูุดูุจ),2013-02-09T19:08:34Z,19717,400,23
lS1VTXhiw4M,https://i.ytimg.com/vi/lS1VTXhiw4M/default.jpg,ุงุฒุงู ุชุถุฑุจ ูุงุฑ ูู ุณูุงุญ ูุนุจู,2013-02-09T19:08:34Z,30725,492,43
qK2PTF5vQ4c,https://i.ytimg.com/vi/qK2PTF5vQ4c/default.jpg,16-ุงููุชุงุจู ูู ุงูููุชูุดูุจ(ุงุณุงุณูุงุช ุงูููุชูุดูุจ),2013-02-09T19:08:34Z,13364,270,7
v749TqUBHjM,https://i.ytimg.com/vi/v749TqUBHjM/default.jpg,ุงุชุนูู ุงุฒุงู ุชูุฒู ูุณุฎู ููุฏูุฒ ูู ุงูููุงุดู ุงู ุงู USB,2013-02-09T19:08:34Z,6219,114,4
wwEVVx1pUGs,https://i.ytimg.com/vi/wwEVVx1pUGs/default.jpg,ุงุชุนูู ุงุฒุงู ุชุนูู ุฎูููู ุงุดุนุฉ ุงูุดูุณ ุจุงูููุชูุดูุจ (ุฑูุนู),2013-02-09T19:08:34Z,14066,291,12
zUvHAiSZ_04,https://i.ytimg.com/vi/zUvHAiSZ_04/default.jpg,15-ุชุจุฏูู ูุชุบูุฑ ุงูุงููุงู ูู ุงูุตูุฑ(ุงุณุงุณูุงุช ุงูููุชูุดูุจ),2013-02-09T19:08:34Z,15731,332,16
i8XDlGntS7Q,https://i.ytimg.com/vi/i8XDlGntS7Q/default.jpg,12-  ุทุฑููู ุชูุทูุน ุงูุงุดุฎุงุต ูู ุงูุตูุฑู(ุงุณุงุณูุงุช ุงูููุชูุดูุจ),2012-08-30T21:39:32Z,31641,726,33
trV3XxnDIos,https://i.ytimg.com/vi/trV3XxnDIos/default.jpg,3 - ุดุฑุญ ุงูุชูุฑูุจ ูู ุงูููุชูุดูุจ zooming (ุงุณุงุณูุงุช ุงูููุชูุดูุจ),2012-08-01T03:41:36Z,33422,640,30
YbLlrUEMuyY,https://i.ytimg.com/vi/YbLlrUEMuyY/default.jpg,2 - ุดุฑุญ ุตูุฏูู ุงูุงุฏูุงุช ูู ุงูููุชูุดูุจ (ุงุณุงุณูุงุช ุงูููุชูุดูุจ),2012-07-31T07:03:42Z,92040,2455,405
